Player Name,Likes,Inj,Pos,Salary,Team,Opp,Rest,Line,PP,GS,L5 TOI,L40 TOI,S TOI,L5 SOG,L40 SOG,S SOG,L5 FP,L40 FP,S FP,Floor FP,Ceil FP,Proj FP,Proj Val,Actual FP,Actual Val
Nathan MacKinnon,1,,C,8800,COL,ANH,0,L1,P1,3.41,21.5,21.4,21.4,4.0,3.8,3.8,18.6,20.1,20.1,15.5,24.6,18.6,2.1,18.9,2.1
David Pastrnak,1,,W,8800,BOS,STL,3,L1,P1,,19.2,19.0,19.0,3.6,3.6,3.6,32.4,26.2,26.2,8.5,43.9,17.6,2.0,16.8,1.9
Steven Stamkos,,,W,8600,TB,NSH,2,L1,P1,3.38,19.3,19.6,19.6,3.0,3.2,3.2,13.2,17.1,17.1,5.1,29.0,15.9,1.8,17.3,2.0
Sidney Crosby,,,C,8600,PIT,@DAL,2,L1,P1,,22.0,21.3,21.3,2.8,2.6,2.6,12.0,16.6,16.6,8.1,25.0,16.1,1.9,0.0,0.0
Brad Marchand,1,,W,8500,BOS,STL,3,L1,P1,,20.5,20.0,20.0,3.0,2.8,2.8,21.3,20.0,20.0,10.0,30.0,16.4,1.9,11.2,1.3
Auston Matthews,1,,C,8500,TOR,@MON,0,L1,P1,,20.6,19.4,19.4,3.4,4.1,4.1,14.7,18.6,18.6,6.9,30.4,18.1,2.1,12.8,1.5
Nikita Kucherov,1,,W,8400,TB,NSH,2,L2,P1,3.38,18.9,19.3,19.3,3.2,2.6,2.6,10.7,14.2,14.2,0.2,28.3,18.8,2.2,10.1,1.2
Mikko Rantanen,,Q,W,8200,COL,ANH,4,,,3.41,18.0,18.9,18.9,2.2,2.7,2.7,15.6,18.3,18.3,7.9,28.6,0.0,0.0,0.0,0.0
Evgeni Malkin,,,C,8000,PIT,@DAL,20,,,,14.1,14.1,14.1,2.0,2.0,2.0,9.4,9.4,9.4,-3.9,22.8,0.0,0.0,0.0,0.0
Mitchell Marner,,,W,7800,TOR,@MON,0,L2,P1,,19.9,19.9,19.9,2.6,3.1,3.1,13.2,16.7,16.7,4.7,28.6,15.3,2.0,11.2,1.4
Brayden Point,,,C,7800,TB,NSH,2,L2,P2,3.38,18.4,18.5,18.5,2.0,2.5,2.5,7.8,13.3,13.3,-4.0,30.6,14.8,1.9,16.0,2.1
Anze Kopitar,1,,C,7700,LA,@MIN,1,L1,P1,2.96,20.2,20.3,20.3,2.0,2.9,2.9,12.3,16.8,16.8,7.2,26.4,13.1,1.7,4.8,0.6
Vladimir Tarasenko,,Q,W,7600,STL,@BOS,1,,,3.07,15.1,16.2,16.2,3.2,2.6,2.6,17.6,14.6,14.6,6.2,23.1,0.0,0.0,0.0,0.0
Patrik Laine,,,W,7600,WPG,CGY,3,L2,P1,,19.7,19.0,19.0,2.4,2.7,2.7,7.9,15.3,15.3,1.8,28.9,13.7,1.8,17.6,2.3
Mark Scheifele,,,C,7600,WPG,CGY,3,L1,P1,,22.5,21.7,21.7,3.4,2.4,2.4,12.8,14.7,14.7,5.7,23.7,14.2,1.9,11.2,1.5
Jake Guentzel,1,,W,7500,PIT,@DAL,2,L1,P1,,22.2,21.6,21.6,3.4,3.4,3.4,16.0,16.1,16.1,7.6,24.6,15.1,2.0,14.4,1.9
Tyler Seguin,1,,C,7500,DAL,PIT,1,L1,P1,,19.7,20.6,20.6,3.2,3.1,3.1,10.3,9.9,9.9,2.1,17.7,16.8,2.2,4.8,0.6
Claude Giroux,1,,W,7500,PHI,CLS,1,L1,P1,,20.0,19.4,19.4,3.0,3.1,3.1,13.2,11.3,11.3,4.1,18.5,13.3,1.8,14.4,1.9
Filip Forsberg,,Q,W,7500,NSH,@TB,1,,,,17.2,17.5,17.5,4.2,4.5,4.5,19.5,21.2,21.2,16.2,26.2,0.0,0.0,0.0,0.0
John Tavares,,,C,7400,TOR,@MON,0,,,,17.8,18.2,18.2,1.6,1.8,1.8,11.4,11.4,11.4,4.2,18.6,0.0,0.0,0.0,0.0
Cam Atkinson,,,W,7400,CLS,@PHI,1,L1,P1,3.23,19.0,19.4,19.4,3.6,4.3,4.3,12.6,13.5,13.5,5.5,21.4,13.1,1.8,3.2,0.4
Viktor Arvidsson,,,W,7300,NSH,@TB,1,L1,P1,,17.3,17.1,17.1,2.4,2.5,2.5,12.0,13.4,13.4,5.5,21.3,14.1,1.9,3.2,0.4
Patrice Bergeron,1,,C,7200,BOS,STL,3,L1,P1,,19.7,18.9,18.9,3.6,3.3,3.3,16.7,14.4,14.4,7.7,21.2,16.6,2.3,9.6,1.3
Johnny Gaudreau,1,Q,W,7200,CGY,@WPG,1,L1,P1,,18.0,19.2,19.2,2.2,2.5,2.5,6.8,11.1,11.1,1.1,21.1,16.3,2.3,18.1,2.5
Brendan Gallagher,1,,W,7200,MON,TOR,1,L1,P1,2.88,16.3,16.8,16.8,3.2,3.8,3.8,11.8,15.8,15.8,1.1,30.4,12.6,1.8,23.2,3.2
Matt Duchene,,Q,C,7100,NSH,@TB,1,L2,P1,,14.8,16.6,16.6,1.8,2.3,2.3,6.5,13.9,13.9,4.1,23.7,12.0,1.7,0.0,0.0
Sean Monahan,1,,C,7100,CGY,@WPG,1,L2,P1,,17.1,18.2,18.2,2.2,2.9,2.9,9.5,10.8,10.8,1.9,19.7,14.7,2.1,10.1,1.4
Gabriel Landeskog,1,,W,7100,COL,ANH,0,L1,P1,3.41,19.5,20.3,20.3,2.0,2.4,2.4,5.9,11.5,11.5,1.9,21.1,14.7,2.1,4.8,0.7
Blake Wheeler,,,W,7000,WPG,CGY,3,L1,P1,,21.4,20.7,20.7,3.4,3.1,3.1,7.0,11.6,11.6,0.2,22.9,14.3,2.0,8.0,1.1
Jamie Benn,,,W,6800,DAL,PIT,1,L2,P1,,16.3,17.2,17.2,2.6,2.3,2.3,10.0,8.7,8.7,3.2,14.1,13.0,1.9,4.8,0.7
Sean Couturier,,,C,6800,PHI,CLS,1,L2,P2,,18.8,18.9,18.9,3.2,3.1,3.1,13.5,11.9,11.9,4.4,19.5,14.9,2.2,6.4,0.9
Roman Josi,1,,D,6700,NSH,@TB,1,D1,P1,,23.6,24.2,24.2,2.6,3.1,3.1,17.1,17.2,17.2,7.3,27.0,13.8,2.1,41.8,6.2
Kris Letang,1,,D,6600,PIT,@DAL,2,D1,P1,,24.9,25.3,25.3,4.0,3.7,3.7,13.1,16.4,16.4,7.3,25.5,13.3,2.0,4.8,0.7
Jakub Voracek,1,,W,6600,PHI,CLS,1,L1,P1,,16.4,16.1,16.1,2.0,2.1,2.1,11.7,9.1,9.1,-5.5,23.8,12.8,1.9,31.7,4.8
Max Domi,1,,C,6500,MON,TOR,1,L2,P2,2.88,16.9,16.8,16.8,2.8,2.7,2.7,13.1,14.4,14.4,4.9,23.9,11.9,1.8,6.4,1.0
Travis Konecny,1,,W,6500,PHI,CLS,1,L2,P2,,17.5,17.2,17.2,1.4,1.8,1.8,11.9,15.7,15.7,6.0,25.3,11.1,1.7,20.5,3.2
Brayden Schenn,1,,C,6400,STL,@BOS,1,L1,P1,3.07,18.0,18.0,18.0,2.2,2.3,2.3,16.9,16.5,16.5,7.6,25.4,11.5,1.8,0.0,0.0
Mark Giordano,,,D,6400,CGY,@WPG,1,D1,P1,,23.8,24.1,24.1,2.0,2.5,2.5,15.9,14.7,14.7,8.0,21.4,13.1,2.0,9.6,1.5
Jakob Silfverberg,,,W,6300,ANH,@COL,1,L2,P2,,18.6,18.2,18.2,2.4,2.2,2.2,14.6,11.7,11.7,1.8,21.7,10.9,1.7,18.4,2.9
Kyle Connor,,,W,6300,WPG,CGY,3,L2,P1,,20.3,19.6,19.6,2.8,3.8,3.8,9.4,11.3,11.3,3.9,18.7,13.6,2.2,14.8,2.3
Morgan Rielly,1,,D,6300,TOR,@MON,0,D1,P1,,26.4,25.1,25.1,2.0,2.4,2.4,13.9,15.4,15.4,0.6,30.2,13.4,2.1,9.6,1.5
Alexander Radulov,,,W,6300,DAL,PIT,1,L3,P1,,15.8,17.5,17.5,1.4,2.0,2.0,6.4,7.1,7.1,0.2,14.0,14.2,2.3,4.8,0.8
Matthew Tkachuk,,,W,6300,CGY,@WPG,1,L1,P1,,17.2,17.2,17.2,1.8,2.1,2.1,11.3,11.8,11.8,1.0,22.6,14.1,2.2,9.6,1.5
Victor Hedman,1,,D,6200,TB,NSH,2,D1,P1,3.38,23.5,23.2,23.2,1.6,1.2,1.2,13.3,13.1,13.1,8.9,17.4,13.2,2.1,14.4,2.3
Dustin Brown,,,W,6200,LA,@MIN,1,L1,P1,2.96,19.9,19.5,19.5,2.6,2.7,2.7,4.8,11.0,11.0,-1.8,23.7,10.0,1.6,1.6,0.3
Tomas Tatar,1,Q,W,6200,MON,TOR,1,L1,P2,2.88,16.2,16.6,16.6,2.0,2.7,2.7,7.4,10.7,10.7,1.8,19.5,10.7,1.7,14.4,2.3
Ryan O'Reilly,,,C,6200,STL,@BOS,1,L2,P2,3.07,19.7,19.8,19.8,0.8,1.3,1.3,4.3,9.8,9.8,-2.4,22.0,13.1,2.1,6.4,1.0
Ryan Getzlaf,,,C,6100,ANH,@COL,1,L1,P1,,18.2,17.8,17.8,3.0,2.5,2.5,11.3,9.3,9.3,3.5,15.0,11.5,1.9,22.1,3.6
Alex Pietrangelo,,,D,6100,STL,@BOS,1,D1,P2,3.07,23.8,23.1,23.1,3.4,3.3,3.3,14.8,14.1,14.1,7.5,20.7,12.2,2.0,6.4,1.0
Elias Lindholm,,,W,6000,CGY,@WPG,1,L1,P1,,17.8,19.2,19.2,2.0,2.6,2.6,10.4,12.6,12.6,4.6,20.5,12.2,2.0,20.5,3.4
Patric Hornqvist,,,W,6000,PIT,@DAL,2,L2,P1,,16.8,16.2,16.2,4.2,3.0,3.0,16.0,13.7,13.7,0.1,27.3,10.5,1.8,16.0,2.7
Torey Krug,,,D,5900,BOS,STL,3,D2,P1,,21.5,21.1,21.1,2.2,2.0,2.0,13.9,12.2,12.2,3.4,20.9,12.0,2.0,9.6,1.6
Seth Jones,,,D,5900,CLS,@PHI,1,D1,P1,3.23,24.3,24.6,24.6,2.4,2.6,2.6,13.7,12.6,12.6,6.1,19.1,12.9,2.2,12.8,2.2
Joe Pavelski,,,W,5900,DAL,PIT,1,L4,P1,,17.5,18.2,18.2,1.2,1.3,1.3,6.8,5.4,5.4,-0.3,11.0,12.3,2.1,3.2,0.5
Gustav Nyquist,,,W,5800,CLS,@PHI,1,L2,P1,3.23,18.3,17.5,17.5,3.0,2.5,2.5,11.0,9.4,9.4,2.9,16.0,10.8,1.9,14.4,2.5
Drew Doughty,,,D,5800,LA,@MIN,1,D1,P1,2.96,24.2,24.1,24.1,2.8,2.5,2.5,11.6,14.9,14.9,4.3,25.6,11.5,2.0,1.6,0.3
Eric Staal,,,C,5800,MIN,LA,1,L2,P2,2.43,17.4,16.5,16.5,2.4,2.0,2.0,11.9,8.5,8.5,-3.7,20.7,11.4,2.0,16.8,2.9
Rickard Rakell,,,W,5700,ANH,@COL,1,L2,P2,,18.4,18.2,18.2,2.2,3.1,3.1,11.4,11.9,11.9,3.1,20.8,13.4,2.4,11.2,2.0
Jaden Schwartz,,,W,5700,STL,@BOS,1,L1,P1,3.07,18.0,17.4,17.4,2.0,1.5,1.5,14.1,10.9,10.9,5.4,16.4,11.6,2.0,4.8,0.8
Ryan Johansen,,,C,5600,NSH,@TB,1,L1,P1,,17.5,17.2,17.2,1.6,1.2,1.2,4.2,9.4,9.4,1.5,17.4,10.5,1.9,21.8,3.9
David Perron,,,W,5600,STL,@BOS,1,L2,P2,3.07,17.2,17.8,17.8,1.6,2.1,2.1,9.1,11.9,11.9,2.4,21.3,10.0,1.8,3.2,0.6
Mats Zuccarello,1,,W,5600,MIN,LA,1,L2,P2,2.43,15.3,15.4,15.4,1.2,1.2,1.2,4.2,3.7,3.7,-1.6,9.1,11.5,2.1,3.2,0.6
Kevin Hayes,,,C,5600,PHI,CLS,1,L3,,,17.8,18.5,18.5,2.8,2.8,2.8,9.6,9.2,9.2,2.8,15.5,10.9,1.9,38.0,6.8
Nikolaj Ehlers,1,,W,5600,WPG,CGY,3,L1,P2,,17.3,17.3,17.3,2.6,3.3,3.3,11.9,15.1,15.1,4.7,25.4,11.7,2.1,6.4,1.1
James van Riemsdyk,1,,W,5500,PHI,CLS,1,L1,P1,,16.7,16.8,16.8,5.8,4.6,4.6,13.9,10.5,10.5,3.4,17.6,11.3,2.1,35.7,6.5
Zach Parise,1,,W,5500,MIN,LA,1,L1,P1,2.43,17.7,17.0,17.0,2.0,1.6,1.6,6.6,7.0,7.0,-0.4,14.4,13.0,2.4,4.8,0.9
William Nylander,1,,W,5500,TOR,@MON,0,L1,P1,,18.5,17.2,17.2,1.6,2.3,2.3,8.6,10.3,10.3,4.4,16.2,11.7,2.1,1.6,0.3
Dustin Byfuglien,,,D,5400,WPG,CGY,n/a,,,,0.0,0.0,0.0,0.0,0.0,0.0,0.0,0.0,0.0,0.0,0.0,0.0,0.0,0.0,0.0
Kevin Shattenkirk,1,,D,5400,TB,NSH,2,D2,P2,3.38,20.3,20.8,20.8,3.0,3.0,3.0,11.0,14.5,14.5,7.5,21.4,8.4,1.6,0.0,0.0
Jonathan Drouin,1,,W,5400,MON,TOR,1,L2,P1,2.88,16.6,16.5,16.5,2.4,2.3,2.3,8.0,11.7,11.7,4.1,19.4,10.7,2.0,30.4,5.6
John Klingberg,,,D,5400,DAL,PIT,1,D1,P1,,23.0,23.8,23.8,2.4,2.6,2.6,9.8,8.5,8.5,1.0,16.0,12.5,2.3,1.6,0.3
Shea Weber,1,,D,5400,MON,TOR,1,D1,P1,2.88,21.7,22.9,22.9,1.6,2.5,2.5,12.5,11.9,11.9,1.9,21.9,12.2,2.3,6.4,1.2
Zachary Werenski,,,D,5300,CLS,@PHI,1,D2,P2,3.23,23.8,23.0,23.0,2.8,2.6,2.6,10.5,9.8,9.8,3.9,15.7,10.9,2.1,12.8,2.4
Roope Hintz,1,,C,5300,DAL,PIT,1,L2,P2,,15.6,16.6,16.6,1.6,1.9,1.9,8.0,10.2,10.2,1.5,18.8,8.5,1.6,1.6,0.3
Alex Galchenyuk,,Q,W,5300,PIT,@DAL,17,,,,16.7,16.7,16.7,2.0,2.0,2.0,9.2,9.2,9.2,0.9,17.6,0.0,0.0,0.0,0.0
Pierre-Luc Dubois,1,,C,5300,CLS,@PHI,1,L1,P1,3.23,19.4,18.7,18.7,3.4,2.6,2.6,13.4,11.9,11.9,3.7,20.1,11.4,2.2,15.2,2.9
Phillip Danault,1,,C,5200,MON,TOR,1,L1,,2.88,16.9,17.7,17.7,1.6,1.4,1.4,9.3,10.8,10.8,-0.5,22.1,9.4,1.8,3.2,0.6
Tyler Toffoli,1,,W,5200,LA,@MIN,1,L2,P2,2.96,15.8,15.0,15.0,2.4,2.6,2.6,6.2,9.4,9.4,0.6,18.1,10.4,2.0,1.6,0.3
David Krejci,,Q,C,5200,BOS,STL,6,,,,14.6,14.6,14.6,1.2,1.2,1.2,4.2,4.2,4.2,-1.8,10.1,0.0,0.0,0.0,0.0
Ryan Ellis,1,,D,5200,NSH,@TB,1,D1,P2,,23.2,23.0,23.0,2.2,2.3,2.3,17.3,16.4,16.4,7.9,24.9,11.4,2.2,15.2,2.9
Ondrej Palat,,,W,5100,TB,NSH,2,L2,P1,3.38,15.6,16.0,16.0,2.2,2.1,2.1,9.1,9.6,9.6,2.9,16.2,9.0,1.8,14.9,2.9
Nick Foligno,,,W,5100,CLS,@PHI,1,L1,P2,3.23,18.9,18.1,18.1,2.2,2.4,2.4,8.4,9.4,9.4,0.1,18.8,9.1,1.8,1.6,0.3
Nazem Kadri,1,,C,5100,COL,ANH,0,L2,P1,3.41,16.9,16.9,16.9,2.4,2.3,2.3,11.5,11.6,11.6,-0.4,23.6,11.0,2.2,3.2,0.6
Cam Fowler,,,D,5000,ANH,@COL,1,D2,P1,,20.7,20.6,20.6,2.0,1.8,1.8,8.1,9.1,9.1,2.5,15.6,8.7,1.7,3.2,0.6
Tyson Barrie,1,,D,5000,TOR,@MON,0,D2,P2,,22.4,22.1,22.1,2.6,2.5,2.5,6.1,8.3,8.3,0.2,16.5,12.4,2.5,8.0,1.6
Andreas Johnson,1,,W,5000,TOR,@MON,0,L1,P1,,16.3,16.6,16.6,1.8,2.2,2.2,8.3,9.9,9.9,2.6,17.2,9.9,2.0,20.0,4.0
Adam Henrique,,,C,5000,ANH,@COL,1,L2,P2,,17.7,16.9,16.9,1.2,2.1,2.1,9.8,10.5,10.5,-0.7,21.7,9.2,1.8,20.0,4.0
Jeff Carter,1,,W,5000,LA,@MIN,1,L2,P2,2.96,17.3,17.4,17.4,4.2,3.7,3.7,13.4,10.7,10.7,3.0,18.4,11.2,2.2,6.4,1.3
Tyler Johnson,,,C,4900,TB,NSH,2,L1,P1,3.38,15.3,15.9,15.9,2.0,2.2,2.2,8.9,9.1,9.1,2.7,15.5,9.7,2.0,16.8,3.4
Jared Spurgeon,1,,D,4900,MIN,LA,1,D1,P1,2.43,23.5,22.6,22.6,1.8,1.9,1.9,7.4,9.3,9.3,0.4,18.1,10.4,2.1,18.4,3.8
Jake DeBrusk,,,W,4900,BOS,STL,3,L2,P1,,16.4,16.1,16.1,2.6,2.7,2.7,10.2,8.0,8.0,2.1,13.8,11.2,2.3,0.0,0.0
Mikael Backlund,,,C,4900,CGY,@WPG,1,L3,,,17.5,18.2,18.2,2.4,2.3,2.3,9.0,7.3,7.3,1.8,12.8,10.1,2.1,6.4,1.3
Colton Parayko,1,,D,4900,STL,@BOS,1,D2,P1,3.07,22.4,23.0,23.0,1.8,2.2,2.2,12.0,10.8,10.8,4.5,17.2,10.0,2.0,9.6,2.0
Kasperi Kapanen,,,W,4800,TOR,@MON,0,L3,P2,,16.4,17.1,17.1,1.2,1.3,1.3,14.8,9.2,9.2,-0.5,19.0,9.3,1.9,1.6,0.3
Oskar Lindblom,1,,W,4800,PHI,CLS,1,L2,P2,,16.7,17.0,17.0,1.6,2.3,2.3,12.1,13.7,13.7,5.2,22.1,9.7,2.0,3.2,0.7
Alexander Kerfoot,,,C,4800,TOR,@MON,0,L2,P2,,15.0,14.8,14.8,1.6,1.5,1.5,10.0,9.1,9.1,-2.1,20.2,7.6,1.6,4.8,1.0
Mikael Granlund,,,W,4800,NSH,@TB,1,L2,P2,,15.4,16.4,16.4,1.0,1.8,1.8,2.2,7.4,7.4,-0.8,15.6,11.6,2.4,11.2,2.3
Oliver Bjorkstrand,,,W,4800,CLS,@PHI,1,L2,P2,3.23,17.2,16.9,16.9,2.8,2.5,2.5,5.1,7.1,7.1,0.7,13.5,9.6,2.0,4.8,1.0
Mikko Koivu,1,,C,4800,MIN,LA,1,L1,P1,2.43,17.1,17.6,17.6,1.8,2.2,2.2,7.1,7.9,7.9,2.8,13.1,8.5,1.8,21.6,4.5
Jeff Petry,1,,D,4800,MON,TOR,1,D2,P2,2.88,23.2,24.1,24.1,3.2,3.2,3.2,12.8,12.6,12.6,5.3,19.9,9.9,2.1,4.8,1.0
Andre Burakovsky,,,W,4700,COL,ANH,0,L2,P2,3.41,14.8,14.1,14.1,1.8,2.1,2.1,9.6,11.4,11.4,-0.4,23.2,7.8,1.7,11.7,2.5
Jason Zucker,1,,W,4700,MIN,LA,1,L1,P1,2.43,17.6,16.6,16.6,1.8,2.1,2.1,8.3,8.7,8.7,0.3,17.1,11.5,2.4,11.2,2.4
Mattias Ekholm,,,D,4700,NSH,@TB,1,D2,,,22.9,22.2,22.2,1.8,2.0,2.0,9.9,13.3,13.3,4.9,21.6,9.1,1.9,6.4,1.4
Shayne Gostisbehere,1,,D,4700,PHI,CLS,1,D3,P1,,18.3,18.3,18.3,2.8,2.1,2.1,7.1,5.5,5.5,2.0,9.0,11.9,2.5,26.9,5.7
Ryan Suter,,,D,4700,MIN,LA,1,D1,P1,2.43,23.9,24.4,24.4,0.8,1.6,1.6,5.9,8.3,8.3,1.7,15.0,9.3,2.0,3.2,0.7
Bryan Little,,,C,4600,WPG,CGY,3,L2,P2,,15.9,15.9,15.9,1.0,1.0,1.0,7.2,7.2,7.2,6.1,8.3,7.8,1.7,17.2,3.7
J.T. Compher,1,,C,4600,COL,ANH,0,L1,P1,3.41,15.0,14.9,14.9,1.0,1.0,1.0,8.0,8.1,8.1,0.9,15.3,9.7,2.1,16.5,3.6
Cale Makar,1,,D,4600,COL,ANH,0,D2,P2,3.41,17.7,18.5,18.5,1.4,1.0,1.0,10.2,11.7,11.7,5.3,18.1,9.0,2.0,18.1,3.9
Charles McAvoy,,,D,4600,BOS,STL,3,D1,P2,,23.4,22.9,22.9,1.6,1.1,1.1,6.7,6.5,6.5,2.1,10.8,10.3,2.2,3.2,0.7
Mikhail Sergachev,,,D,4600,TB,NSH,2,D3,P2,3.38,18.3,18.1,18.1,2.4,1.8,1.8,9.6,11.3,11.3,3.9,18.8,9.7,2.1,3.2,0.7
Justin Faulk,,,D,4600,STL,@BOS,1,D3,P2,3.07,21.6,20.8,20.8,2.6,2.5,2.5,9.9,8.4,8.4,5.2,11.6,11.1,2.4,3.2,0.7
Yanni Gourde,,,W,4600,TB,NSH,2,L3,,3.38,14.8,14.1,14.1,2.2,1.9,1.9,8.5,8.0,8.0,1.4,14.5,10.2,2.2,3.2,0.7
Anthony Cirelli,,,C,4500,TB,NSH,2,L3,,3.38,16.9,17.5,17.5,1.2,1.2,1.2,2.9,6.9,6.9,-3.2,16.9,8.5,1.9,9.6,2.1
Ivan Provorov,,,D,4500,PHI,CLS,1,D1,P2,,23.4,23.5,23.5,1.0,1.8,1.8,7.1,9.2,9.2,2.8,15.6,10.3,2.3,22.9,5.1
Hampus Lindholm,,,D,4500,ANH,@COL,1,D1,P2,,21.5,21.7,21.7,1.2,1.4,1.4,7.8,9.1,9.1,4.1,14.1,9.5,2.1,29.3,6.5
Miro Heiskanen,,,D,4500,DAL,PIT,1,D2,P2,,23.9,24.4,24.4,2.2,2.0,2.0,11.8,10.1,10.1,3.6,16.6,10.7,2.4,3.2,0.7
Ilya Kovalchuk,,,W,4500,LA,@MIN,1,L3,P2,2.96,15.4,15.4,15.4,2.4,1.9,1.9,7.9,10.9,10.9,0.2,21.7,10.9,2.4,12.8,2.8
Joshua Morrissey,,,D,4400,WPG,CGY,3,D1,P2,,24.3,24.5,24.5,2.2,2.2,2.2,9.6,10.0,10.0,2.4,17.6,9.6,2.2,24.8,5.6
Jesperi Kotkaniemi,,,C,4400,MON,TOR,1,L3,P1,2.88,13.2,13.2,13.2,1.0,1.5,1.5,4.3,6.3,6.3,0.0,12.6,9.1,2.1,1.6,0.4
Zach Hyman,,,W,4400,TOR,@MON,n/a,,,,0.0,0.0,0.0,0.0,0.0,0.0,0.0,0.0,0.0,0.0,0.0,0.0,0.0,0.0,0.0
Justin Schultz,,,D,4400,PIT,@DAL,2,D2,P1,,20.9,20.6,20.6,2.8,3.0,3.0,7.0,9.9,9.9,4.3,15.5,9.4,2.1,0.0,0.0
Dominik Simon,,,W,4400,PIT,@DAL,2,L1,,,17.6,16.6,16.6,2.0,1.9,1.9,10.6,8.5,8.5,3.2,13.8,7.3,1.7,8.0,1.8
Tyler Bozak,,,C,4300,STL,@BOS,1,L3,P2,3.07,15.2,14.6,14.6,2.4,1.8,1.8,7.7,6.6,6.6,0.1,13.1,8.5,2.0,1.6,0.4
Jacob Muzzin,,,D,4300,TOR,@MON,0,D2,,,23.3,23.3,23.3,2.0,1.9,1.9,13.7,11.4,11.4,3.8,18.9,9.7,2.3,21.6,5.0
Joel Armia,1,Q,W,4300,MON,TOR,1,L2,P2,2.88,17.8,17.1,17.1,2.6,2.8,2.8,11.8,13.5,13.5,0.6,26.3,8.4,2.0,26.9,6.3
Craig Smith,,,W,4300,NSH,@TB,1,L3,P2,,14.5,14.3,14.3,2.8,2.2,2.2,7.5,6.2,6.2,-0.2,12.5,9.7,2.3,3.2,0.7
Nolan Patrick,,,C,4300,PHI,CLS,n/a,,,,0.0,0.0,0.0,0.0,0.0,0.0,0.0,0.0,0.0,0.0,0.0,0.0,0.0,0.0,0.0
Scott Laughton,,,C,4200,PHI,CLS,1,L3,,,15.1,15.4,15.4,1.2,1.4,1.4,6.1,7.0,7.0,2.8,11.2,7.0,1.7,0.0,0.0
Alex Iafallo,,,W,4200,LA,@MIN,1,L1,P1,2.96,17.8,17.8,17.8,2.2,2.4,2.4,7.2,8.3,8.3,3.0,13.6,8.0,1.9,1.6,0.4
Adrian Kempe,,,C,4200,LA,@MIN,1,L3,P1,2.96,14.1,14.5,14.5,2.8,2.5,2.5,4.8,5.8,5.8,2.0,9.5,7.4,1.8,9.6,2.3
Tyson Jost,,,W,4200,COL,ANH,0,L3,P2,3.41,12.2,12.5,12.5,2.4,2.1,2.1,11.7,9.3,9.3,-2.4,21.0,8.0,1.9,0.0,0.0
Samuel Girard,,,D,4200,COL,ANH,0,D1,P1,3.41,21.9,22.3,22.3,1.0,1.4,1.4,8.1,8.4,8.4,3.4,13.4,7.9,1.9,6.4,1.5
Mathew Dumba,1,,D,4200,MIN,LA,1,D2,P2,2.43,22.4,23.5,23.5,1.4,2.2,2.2,7.6,9.0,9.0,3.6,14.4,12.7,3.0,20.8,5.0
Alex Killorn,,,W,4200,TB,NSH,2,L3,P2,3.38,17.4,17.7,17.7,2.6,1.9,1.9,10.1,8.5,8.5,0.3,16.7,8.1,1.9,0.0,0.0
Corey Perry,,,W,4200,DAL,PIT,1,L2,P2,,14.8,14.8,14.8,1.4,1.4,1.4,8.3,8.3,8.3,-4.3,20.8,8.3,2.0,4.8,1.1
Alexander Wennberg,,,C,4200,CLS,@PHI,1,L2,P1,3.23,19.0,18.9,18.9,1.4,1.2,1.2,7.5,7.3,7.3,0.1,14.5,7.0,1.7,3.2,0.8
Sam Steel,1,,C,4200,ANH,@COL,1,L3,P1,,15.8,15.3,15.3,1.0,0.9,0.9,6.9,5.4,5.4,1.0,9.8,8.0,1.9,3.2,0.8
Charlie Coyle,,,C,4200,BOS,STL,3,L2,P2,,15.5,15.3,15.3,1.0,1.6,1.6,3.2,4.6,4.6,0.2,9.0,9.3,2.2,0.0,0.0
Ryan McDonagh,,,D,4200,TB,NSH,2,D2,,3.38,22.0,21.6,21.6,1.2,1.2,1.2,9.9,7.8,7.8,2.2,13.4,10.0,2.4,3.2,0.8
Kyle Turris,,,W,4200,NSH,@TB,1,L2,P2,,15.7,13.9,13.9,2.0,1.9,1.9,13.3,10.1,10.1,2.1,18.1,7.8,1.9,6.4,1.5
Josh Anderson,1,,W,4200,CLS,@PHI,1,L3,,3.23,17.1,17.1,17.1,2.0,2.0,2.0,4.0,4.0,4.0,-2.1,10.1,11.1,2.6,28.0,6.7
Neal Pionk,,,D,4200,WPG,CGY,3,D2,P1,,22.1,22.9,22.9,2.2,1.8,1.8,8.7,11.0,11.0,3.8,18.2,9.2,2.2,14.8,3.5
Boone Jenner,,,C,4100,CLS,@PHI,1,L3,,3.23,14.4,14.3,14.3,1.6,2.1,2.1,7.8,6.5,6.5,1.7,11.3,10.4,2.5,30.4,7.4
Ilya Mikheyev,,,W,4100,TOR,@MON,0,L2,,,16.1,15.9,15.9,3.2,2.5,2.5,13.4,11.9,11.9,1.8,22.0,9.1,2.2,11.2,2.7
Brandon Tanev,,,W,4000,PIT,@DAL,2,L3,,,14.2,14.7,14.7,1.4,1.7,1.7,8.4,9.5,9.5,3.9,15.0,7.6,1.9,13.6,3.4
Rasmus Andersson,,,D,4000,CGY,@WPG,1,D3,P2,,18.2,18.2,18.2,1.8,1.9,1.9,4.2,6.5,6.5,0.9,12.0,6.5,1.6,4.8,1.2
Vince Dunn,,,D,4000,STL,@BOS,1,D3,P1,3.07,16.9,16.6,16.6,1.8,2.3,2.3,9.4,8.8,8.8,1.6,16.1,9.0,2.3,6.4,1.6
Calle Jarnkrok,,,W,4000,NSH,@TB,1,L1,P1,,17.0,15.0,15.0,2.2,2.0,2.0,11.4,10.3,10.3,3.3,17.3,6.9,1.7,29.0,7.3
Travis Hamonic,,,D,4000,CGY,@WPG,1,D2,,,21.4,21.3,21.3,0.6,1.4,1.4,3.5,5.9,5.9,2.4,9.4,8.5,2.1,9.6,2.4
Victor Mete,,,D,3900,MON,TOR,1,D1,,2.88,17.0,17.6,17.6,1.0,0.8,0.8,7.5,6.2,6.2,1.0,11.3,5.9,1.5,6.4,1.6
Luke Kunin,,,W,3900,MIN,LA,1,L2,,2.43,16.5,16.0,16.0,3.2,3.1,3.1,9.8,9.4,9.4,4.0,14.9,8.2,2.1,1.6,0.4
Kevin Fiala,,Q,W,3900,MIN,LA,3,,,2.43,14.0,14.2,14.2,1.4,1.6,1.6,4.8,4.6,4.6,2.2,6.9,0.0,0.0,0.0,0.0
Erik Johnson,,,D,3900,COL,ANH,0,D1,,3.41,22.8,23.1,23.1,1.6,2.1,2.1,5.8,7.6,7.6,2.7,12.5,9.4,2.4,3.2,0.8
Artturi Lehkonen,,,W,3900,MON,TOR,1,L3,,2.88,14.3,14.5,14.5,2.4,1.9,1.9,5.1,7.9,7.9,2.8,13.1,8.9,2.3,4.8,1.2
Oskar Sundqvist,,,C,3900,STL,@BOS,1,L1,,3.07,14.3,14.3,14.3,0.8,0.9,0.9,3.8,5.8,5.8,-0.4,11.9,7.0,1.8,1.6,0.4
Nikita Zadorov,,,D,3800,COL,ANH,0,D3,,3.41,18.6,19.1,19.1,1.2,1.3,1.3,8.2,7.0,7.0,2.3,11.8,6.8,1.8,3.2,0.8
Noah Hanifin,,,D,3800,CGY,@WPG,1,D2,,,22.1,21.5,21.5,1.6,1.8,1.8,5.4,7.2,7.2,1.8,12.6,8.6,2.3,4.8,1.3
Travis Sanheim,1,,D,3800,PHI,CLS,1,D2,,,20.1,20.4,20.4,1.6,1.8,1.8,7.0,7.0,7.0,2.2,11.8,10.0,2.6,3.2,0.8
Derek Ryan,,,C,3800,CGY,@WPG,1,L4,P2,,15.4,14.7,14.7,1.4,1.5,1.5,8.9,7.2,7.2,-0.5,14.8,6.9,1.8,1.6,0.4
Jack Roslovic,,,C,3800,WPG,CGY,3,L3,,,15.0,13.3,13.3,2.0,1.8,1.8,4.8,6.7,6.7,1.7,11.8,6.8,1.8,8.0,2.1
Matt Niskanen,,,D,3800,PHI,CLS,1,D2,P2,,21.4,21.0,21.0,2.4,1.8,1.8,10.7,10.0,10.0,2.8,17.2,8.1,2.1,13.3,3.5
T.J. Brodie,,,D,3800,CGY,@WPG,1,D1,P2,,19.6,20.1,20.1,1.4,1.2,1.2,10.7,7.8,7.8,2.3,13.3,8.1,2.1,3.2,0.8
Marcus Pettersson,,,D,3800,PIT,@DAL,2,D2,P2,,19.3,18.9,18.9,0.8,1.3,1.3,6.7,7.8,7.8,1.0,14.7,6.9,1.8,8.0,2.1
Danton Heinen,,,W,3800,BOS,STL,3,L3,P2,,13.0,13.4,13.4,2.0,1.4,1.4,7.0,6.2,6.2,-0.7,13.0,8.6,2.3,10.0,2.6
Jared McCann,,,C,3800,PIT,@DAL,2,L4,P2,,13.9,14.8,14.8,1.0,1.3,1.3,6.6,8.6,8.6,-3.7,21.0,9.8,2.6,4.8,1.3
Nick Bonino,,,C,3800,NSH,@TB,1,L3,P2,,16.2,16.0,16.0,1.2,1.2,1.2,13.5,10.7,10.7,2.2,19.2,7.5,2.0,4.8,1.3
Erik Cernak,,,D,3700,TB,NSH,2,D1,,3.38,19.1,19.7,19.7,1.4,1.3,1.3,5.1,6.5,6.5,2.2,10.8,8.3,2.2,3.2,0.9
Jay Bouwmeester,,,D,3700,STL,@BOS,1,D2,,3.07,20.3,21.0,21.0,0.8,0.8,0.8,2.6,5.2,5.2,-0.6,11.0,6.0,1.6,6.4,1.7
Ben Chiarot,,,D,3700,MON,TOR,1,D3,,2.88,18.9,20.6,20.6,1.4,1.7,1.7,4.2,6.8,6.8,1.6,12.0,7.3,2.0,4.8,1.3
Samuel Blais,,,W,3700,STL,@BOS,1,L4,,3.07,14.3,14.0,14.0,1.4,1.6,1.6,5.3,9.2,9.2,1.8,16.5,2.8,0.8,0.0,0.0
Cody Ceci,,,D,3700,TOR,@MON,0,D1,,,22.0,22.3,22.3,1.0,1.0,1.0,4.5,7.9,7.9,2.0,13.8,9.3,2.5,3.2,0.9
Esa Lindell,1,,D,3700,DAL,PIT,1,D1,P2,,24.0,23.2,23.2,2.0,1.3,1.3,9.2,6.9,6.9,1.4,12.4,9.5,2.6,3.2,0.9
Michael Amadio,,,C,3700,LA,@MIN,1,L4,P2,2.96,14.1,14.4,14.4,2.2,2.6,2.6,6.5,9.0,9.0,3.0,15.0,5.0,1.4,8.0,2.2
Robert Hagg,,,D,3700,PHI,CLS,1,D3,,,15.9,16.0,16.0,0.8,0.9,0.9,3.8,6.2,6.2,1.9,10.5,7.2,1.9,3.2,0.9
Ryan Murray,,,D,3700,CLS,@PHI,1,,,3.23,18.8,19.3,19.3,1.8,1.4,1.4,12.6,9.5,9.5,0.6,18.4,0.0,0.0,6.4,1.7
Jonas Brodin,,,D,3700,MIN,LA,1,D2,,2.43,20.1,20.1,20.1,1.0,1.4,1.4,4.5,5.9,5.9,2.1,9.7,7.4,2.0,9.6,2.6
Brad Hunt,,,D,3700,MIN,LA,1,D3,P2,2.43,16.1,15.7,15.7,1.4,1.8,1.8,8.5,10.3,10.3,1.1,19.4,5.5,1.5,4.8,1.3
Brian Dumoulin,,,D,3700,PIT,@DAL,6,,,,22.4,21.3,21.3,1.2,1.5,1.5,8.7,7.3,7.3,2.1,12.4,0.0,0.0,0.0,0.0
Matthew Grzelcyk,,,D,3700,BOS,STL,3,D3,,,16.3,16.8,16.8,1.2,1.2,1.2,2.9,4.5,4.5,1.4,7.6,6.9,1.9,13.2,3.6
Joonas Donskoi,,,W,3700,COL,ANH,0,L2,P2,3.41,15.7,15.1,15.1,1.4,1.5,1.5,9.4,9.3,9.3,-4.0,22.5,8.1,2.2,15.7,4.2
Mathieu Joseph,,,W,3600,TB,NSH,2,L1,,3.38,13.0,12.3,12.3,1.4,1.1,1.1,5.6,6.0,6.0,-0.1,12.2,7.0,1.9,1.6,0.4
Alexandre Texier,,,W,3600,CLS,@PHI,1,L4,P2,3.23,12.4,14.2,14.2,1.2,1.5,1.5,4.6,5.9,5.9,-1.8,13.6,8.6,2.4,0.0,0.0
Sean Walker,,,D,3600,LA,@MIN,1,D2,,2.96,18.7,18.8,18.8,1.2,2.1,2.1,8.0,12.2,12.2,5.4,18.9,4.8,1.3,3.2,0.9
Justin Braun,,,D,3600,PHI,CLS,1,D1,,,16.7,18.0,18.0,0.6,1.0,1.0,5.4,5.8,5.8,2.7,8.9,7.1,2.0,9.6,2.7
Ville Heinola,,,D,3600,WPG,CGY,3,,,,16.4,18.1,18.1,0.6,1.3,1.3,7.9,8.6,8.6,4.2,12.9,0.0,0.0,0.0,0.0
Ondrej Kase,,Q,W,3600,ANH,@COL,1,,,,13.7,14.9,14.9,1.4,2.4,2.4,3.8,7.8,7.8,-0.2,15.8,0.0,0.0,0.0,0.0
Theodor Blueger,,,C,3600,PIT,@DAL,2,L3,,,15.9,14.8,14.8,0.8,0.9,0.9,5.3,5.7,5.7,0.1,11.3,5.8,1.6,12.8,3.6
Nick Suzuki,,,W,3600,MON,TOR,1,L4,P2,2.88,14.2,14.3,14.3,1.6,1.3,1.3,7.7,5.5,5.5,-1.6,12.6,0.0,0.0,16.8,4.7
Colin Wilson,,,W,3600,COL,ANH,0,L3,P2,3.41,11.8,12.5,12.5,0.6,1.0,1.0,8.0,6.0,6.0,-2.3,14.3,7.0,1.9,6.4,1.8
Dante Fabbro,,,D,3600,NSH,@TB,1,D2,,,19.1,19.3,19.3,1.2,1.1,1.1,8.8,7.5,7.5,1.7,13.3,7.5,2.1,3.2,0.9
Michael Del Zotto,,,D,3600,ANH,@COL,1,,,,18.8,18.5,18.5,0.8,0.8,0.8,4.5,5.3,5.3,-0.1,10.7,0.0,0.0,0.0,0.0
Joel Eriksson Ek,,Q,C,3600,MIN,LA,3,L4,,2.43,12.4,12.9,12.9,1.6,1.3,1.3,6.7,5.9,5.9,2.5,9.4,7.1,2.0,18.4,5.1
Kyle Clifford,,,W,3600,LA,@MIN,1,L4,,2.96,10.0,10.6,10.6,2.0,2.0,2.0,4.8,7.1,7.1,0.0,14.2,5.7,1.6,1.6,0.4
Zach Aston-Reese,,,W,3600,PIT,@DAL,2,,,,16.2,15.1,15.1,1.8,2.2,2.2,3.5,8.5,8.5,-5.1,22.0,0.0,0.0,1.6,0.4
Alexander Steen,,,W,3600,STL,@BOS,1,L2,,3.07,14.8,14.6,14.6,1.6,1.5,1.5,7.4,7.4,7.4,4.1,10.6,7.4,2.1,3.2,0.9
Samuel Bennett,,Q,W,3600,CGY,@WPG,1,L2,P2,,12.5,12.9,12.9,1.4,1.7,1.7,7.7,6.7,6.7,0.1,13.4,7.7,2.1,1.6,0.4
Zdeno Chara,,,D,3600,BOS,STL,3,D1,,,23.1,22.4,22.4,1.6,1.8,1.8,5.4,7.4,7.4,1.3,13.5,6.5,1.8,6.4,1.8
Josh Manson,,Q,D,3600,ANH,@COL,1,D1,,,17.5,19.4,19.4,1.6,1.2,1.2,9.3,6.3,6.3,0.4,12.1,0.0,0.0,0.0,0.0
Carson Soucy,,,D,3500,MIN,LA,1,,,2.43,14.0,13.6,13.6,0.8,0.8,0.8,3.8,3.2,3.2,-0.1,6.5,0.0,0.0,4.8,1.4
John Marino,,,D,3500,PIT,@DAL,2,D1,,,18.4,17.1,17.1,1.2,0.9,0.9,3.5,2.8,2.8,0.9,4.8,0.5,0.1,11.2,3.2
Ben Hutton,,,D,3500,LA,@MIN,1,D1,,2.96,20.4,20.2,20.2,2.6,2.2,2.2,7.4,7.8,7.8,3.6,12.1,5.0,1.4,18.4,5.3
Nelson Nogier,,,D,3500,WPG,CGY,8,,,,0.0,0.0,0.0,0.0,0.0,0.0,0.0,0.0,0.0,0.0,0.0,0.0,0.0,0.0,0.0
Luke Schenn,,,D,3500,TB,NSH,n/a,,,3.38,0.0,0.0,0.0,0.0,0.0,0.0,0.0,0.0,0.0,0.0,0.0,0.0,0.0,0.0,0.0
Andrew Copp,,,W,3500,WPG,CGY,3,L3,,,17.3,16.8,16.8,1.6,1.4,1.4,2.6,4.9,4.9,0.1,9.6,6.8,1.9,6.4,1.8
Matt Roy,,,D,3500,LA,@MIN,1,D3,,2.96,14.7,15.2,15.2,1.0,1.2,1.2,3.5,4.6,4.6,1.8,7.5,7.3,2.1,6.4,1.8
Cale Fleury,,,D,3500,MON,TOR,1,,,2.88,14.7,14.7,14.7,1.2,1.2,1.2,4.5,4.5,4.5,3.1,5.8,0.0,0.0,1.6,0.5
Tucker Poolman,,Q,D,3500,WPG,CGY,3,D1,,,16.5,15.4,15.4,1.0,1.0,1.0,2.9,3.8,3.8,-0.7,8.3,4.6,1.3,6.4,1.8
Mattias Janmark,,,W,3500,DAL,PIT,1,L1,,,15.8,15.0,15.0,0.8,1.1,1.1,3.8,6.2,6.2,0.0,12.5,6.8,1.9,4.8,1.4
Kevin Gravel,,,D,3500,TOR,@MON,0,,,,10.2,10.2,10.2,0.0,0.0,0.0,1.6,1.6,1.6,1.6,1.6,0.0,0.0,4.8,1.4
Rasmus Sandin,,,D,3500,TOR,@MON,13,,,,12.9,12.2,12.2,0.6,0.8,0.8,3.5,4.8,4.8,0.1,9.5,0.0,0.0,0.0,0.0
Julius Honka,,,D,3500,DAL,PIT,n/a,,,,0.0,0.0,0.0,0.0,0.0,0.0,0.0,0.0,0.0,0.0,0.0,0.0,0.0,0.0,0.0
Roman Polak,,,D,3500,DAL,PIT,17,,,,9.1,9.1,9.1,0.0,0.0,0.0,3.2,3.2,3.2,3.2,3.2,0.0,0.0,0.0,0.0
Daniel Walcott,,,D,3500,TB,NSH,n/a,,,3.38,0.0,0.0,0.0,0.0,0.0,0.0,0.0,0.0,0.0,0.0,0.0,0.0,0.0,0.0,0.0
Joakim Ryan,,,D,3500,LA,@MIN,1,,,2.96,16.1,16.1,16.1,1.0,1.0,1.0,5.6,5.6,5.6,1.0,10.2,0.0,0.0,0.0,0.0
Justin Holl,,,D,3500,TOR,@MON,0,D3,,,13.2,12.8,12.8,1.2,1.3,1.3,7.0,6.1,6.1,0.2,11.9,4.5,1.3,0.0,0.0
Karl Alzner,,,D,3500,MON,TOR,n/a,,,2.88,0.0,0.0,0.0,0.0,0.0,0.0,0.0,0.0,0.0,0.0,0.0,0.0,0.0,0.0,0.0
Brandon Carlo,,,D,3500,BOS,STL,3,D2,,,20.5,20.1,20.1,1.2,1.4,1.4,2.2,3.7,3.7,0.8,6.6,6.5,1.9,18.8,5.4
Andy Welinski,,,D,3500,PHI,CLS,n/a,,,,0.0,0.0,0.0,0.0,0.0,0.0,0.0,0.0,0.0,0.0,0.0,0.0,0.0,0.0,0.0
Steven Santini,,,D,3500,NSH,@TB,n/a,,,,0.0,0.0,0.0,0.0,0.0,0.0,0.0,0.0,0.0,0.0,0.0,0.0,0.0,0.0,0.0
Sean Kuraly,,,C,3500,BOS,STL,3,L4,,,16.0,15.0,15.0,1.8,1.7,1.7,6.7,5.9,5.9,2.7,9.1,6.6,1.9,0.0,0.0
Nick Seeler,,,D,3500,MIN,LA,1,D3,,2.43,14.3,14.3,14.3,0.5,0.5,0.5,3.2,3.2,3.2,3.2,3.2,5.3,1.5,0.0,0.0
Dan Hamhuis,,,D,3500,NSH,@TB,1,D3,,,14.3,14.4,14.4,0.4,0.5,0.5,1.9,1.8,1.8,0.0,3.6,4.4,1.3,3.2,0.9
Carl Dahlstrom,,,D,3500,WPG,CGY,3,D2,,,16.7,18.0,18.0,1.0,0.9,0.9,2.6,2.6,2.6,0.5,4.7,3.3,0.9,3.2,0.9
Jack Johnson,,,D,3500,PIT,@DAL,2,D3,,,19.0,17.2,17.2,0.2,0.6,0.6,1.9,3.4,3.4,-0.1,6.8,6.2,1.8,1.6,0.5
Jacob Larsson,,,D,3500,ANH,@COL,1,D3,,,18.0,17.1,17.1,1.4,1.5,1.5,2.9,4.1,4.1,0.6,7.5,5.2,1.5,4.8,1.4
Alexander Petrovic,,,D,3500,BOS,STL,n/a,,,,0.0,0.0,0.0,0.0,0.0,0.0,0.0,0.0,0.0,0.0,0.0,0.0,0.0,0.0,0.0
Paul Ladue,,,D,3500,LA,@MIN,n/a,,,2.96,0.0,0.0,0.0,0.0,0.0,0.0,0.0,0.0,0.0,0.0,0.0,0.0,0.0,0.0,0.0
Markus Nutivaara,,Q,D,3500,CLS,@PHI,1,D3,,3.23,16.8,16.2,16.2,2.0,1.8,1.8,9.9,7.6,7.6,-0.6,15.8,6.5,1.9,0.0,0.0
Teemu Kivihalme,,,D,3500,TOR,@MON,n/a,,,,0.0,0.0,0.0,0.0,0.0,0.0,0.0,0.0,0.0,0.0,0.0,0.0,0.0,0.0,0.0
Dmytro Timashov,,,W,3500,TOR,@MON,0,L4,,,8.8,9.3,9.3,1.0,1.0,1.0,4.3,6.0,6.0,0.0,12.0,0.6,0.2,4.8,1.4
Phil Myers,,,D,3500,PHI,CLS,n/a,,,,0.0,0.0,0.0,0.0,0.0,0.0,0.0,0.0,0.0,0.0,0.0,0.0,0.0,0.0,0.0
Braydon Coburn,,,D,3500,TB,NSH,2,D3,,3.38,14.7,14.8,14.8,1.8,1.3,1.3,6.9,4.9,4.9,0.3,9.5,5.9,1.7,3.2,0.9
Brendan Guhle,,,D,3500,ANH,@COL,1,,,,19.2,19.2,19.2,1.4,1.4,1.4,8.0,8.0,8.0,3.9,12.1,0.0,0.0,9.6,2.7
Dean Kukan,,,D,3500,CLS,@PHI,1,D1,,3.23,15.2,15.2,15.2,2.0,2.0,2.0,3.2,3.2,3.2,3.2,3.2,4.2,1.2,11.2,3.2
Jordan Schmaltz,,,D,3500,TOR,@MON,n/a,,,,0.0,0.0,0.0,0.0,0.0,0.0,0.0,0.0,0.0,0.0,0.0,0.0,0.0,0.0,0.0
Tobias Bjornfot,,,D,3500,LA,@MIN,8,,,2.96,13.0,13.0,13.0,0.0,0.0,0.0,0.0,0.0,0.0,0.0,0.0,0.0,0.0,0.0,0.0
Josh Mahura,,,D,3500,ANH,@COL,n/a,,,,0.0,0.0,0.0,0.0,0.0,0.0,0.0,0.0,0.0,0.0,0.0,0.0,0.0,0.0,0.0
Jakub Zboril,,,D,3500,BOS,STL,n/a,,,,0.0,0.0,0.0,0.0,0.0,0.0,0.0,0.0,0.0,0.0,0.0,0.0,0.0,0.0,0.0
Oliver Kylington,,,D,3500,CGY,@WPG,1,,,,13.6,13.0,13.0,0.6,0.8,0.8,2.2,2.8,2.8,1.7,3.9,0.0,0.0,4.8,1.4
Joel Hanley,,,D,3500,DAL,PIT,1,,,,10.9,10.9,10.9,0.0,0.0,0.0,4.8,4.8,4.8,-2.0,11.6,0.0,0.0,0.0,0.0
Noah Juulsen,,,D,3500,MON,TOR,n/a,,,2.88,0.0,0.0,0.0,0.0,0.0,0.0,0.0,0.0,0.0,0.0,0.0,0.0,0.0,0.0,0.0
Travis Dermott,,,D,3500,TOR,@MON,n/a,,,,0.0,0.0,0.0,0.0,0.0,0.0,0.0,0.0,0.0,0.0,0.0,0.0,0.0,0.0,0.0
Mike Reilly,,,D,3500,MON,TOR,1,,,2.88,14.1,14.1,14.1,0.0,0.0,0.0,6.4,6.4,6.4,1.9,10.9,0.0,0.0,12.8,3.7
Christian Folin,,,D,3500,MON,TOR,1,D3,,2.88,16.0,16.0,16.0,0.4,0.4,0.4,5.1,5.1,5.1,2.0,8.2,4.7,1.3,0.0,0.0
Anthony Bitetto,,,D,3500,WPG,CGY,3,D3,P2,,15.3,15.5,15.5,1.2,1.6,1.6,4.2,5.2,5.2,1.5,8.8,3.4,1.0,1.6,0.5
Adam Clendening,,,D,3500,CLS,@PHI,n/a,,,3.23,0.0,0.0,0.0,0.0,0.0,0.0,0.0,0.0,0.0,0.0,0.0,0.0,0.0,0.0,0.0
Yannick Weber,,,D,3500,NSH,@TB,1,,,,12.1,12.6,12.6,0.4,0.8,0.8,1.6,2.3,2.3,0.3,4.3,0.0,0.0,0.0,0.0
Xavier Ouellet,,,D,3500,MON,TOR,n/a,,,2.88,0.0,0.0,0.0,0.0,0.0,0.0,0.0,0.0,0.0,0.0,0.0,0.0,0.0,0.0,0.0
Greg Pateryn,,,D,3500,MIN,LA,n/a,,,2.43,0.0,0.0,0.0,0.0,0.0,0.0,0.0,0.0,0.0,0.0,0.0,0.0,0.0,0.0,0.0
Cameron Schilling,,,D,3500,WPG,CGY,n/a,,,,0.0,0.0,0.0,0.0,0.0,0.0,0.0,0.0,0.0,0.0,0.0,0.0,0.0,0.0,0.0
Radek Faksa,,,C,3500,DAL,PIT,1,L3,,,16.1,17.1,17.1,1.0,1.8,1.8,5.3,6.5,6.5,0.6,12.5,7.7,2.2,1.6,0.5
Sasha Larocque,,,D,3500,COL,ANH,n/a,,,3.41,0.0,0.0,0.0,0.0,0.0,0.0,0.0,0.0,0.0,0.0,0.0,0.0,0.0,0.0,0.0
Jacob MacDonald,,,D,3500,COL,ANH,n/a,,,3.41,0.0,0.0,0.0,0.0,0.0,0.0,0.0,0.0,0.0,0.0,0.0,0.0,0.0,0.0,0.0
Kurtis MacDermid,,,D,3500,LA,@MIN,1,D3,,2.96,11.6,11.6,11.6,1.5,1.5,1.5,6.2,6.2,6.2,-3.0,15.4,2.8,0.8,4.8,1.4
Luca Sbisa,,,D,3500,WPG,CGY,n/a,,,,0.0,0.0,0.0,0.0,0.0,0.0,0.0,0.0,0.0,0.0,0.0,0.0,0.0,0.0,0.0
Juuso Valimaki,,,D,3500,CGY,@WPG,n/a,,,,0.0,0.0,0.0,0.0,0.0,0.0,0.0,0.0,0.0,0.0,0.0,0.0,0.0,0.0,0.0
Chad Ruhwedel,,,D,3500,PIT,@DAL,2,,,,0.0,0.0,0.0,0.0,0.0,0.0,0.0,0.0,0.0,0.0,0.0,0.0,0.0,0.0,0.0
Matthew Nieto,,,W,3500,COL,ANH,0,L4,,3.41,12.6,12.6,12.6,1.8,1.4,1.4,8.8,8.3,8.3,2.7,13.9,6.7,1.9,6.4,1.8
Derek Forbort,,Q,D,3500,LA,@MIN,n/a,,,2.96,0.0,0.0,0.0,0.0,0.0,0.0,0.0,0.0,0.0,0.0,0.0,0.0,0.0,0.0,0.0
Zach Trotman,,,D,3500,PIT,@DAL,n/a,,,,0.0,0.0,0.0,0.0,0.0,0.0,0.0,0.0,0.0,0.0,0.0,0.0,0.0,0.0,0.0
Kevan Miller,,,D,3500,BOS,STL,n/a,,,,0.0,0.0,0.0,0.0,0.0,0.0,0.0,0.0,0.0,0.0,0.0,0.0,0.0,0.0,0.0
Louis Belpedio,,,D,3500,MIN,LA,n/a,,,2.43,0.0,0.0,0.0,0.0,0.0,0.0,0.0,0.0,0.0,0.0,0.0,0.0,0.0,0.0,0.0
Kevin Connauton,,,D,3500,COL,ANH,11,,,3.41,0.0,0.0,0.0,0.0,0.0,0.0,0.0,0.0,0.0,0.0,0.0,0.0,0.0,0.0,0.0
Mark Barberio,,,D,3500,COL,ANH,0,,,3.41,16.5,16.5,16.5,2.0,2.0,2.0,6.4,6.4,6.4,3.2,9.6,0.0,0.0,0.0,0.0
Korbinian Holzer,,,D,3500,ANH,@COL,1,D3,,,18.5,17.7,17.7,1.0,0.9,0.9,4.5,5.2,5.2,1.1,9.2,4.8,1.4,9.6,2.7
Erik Gudbranson,,,D,3500,ANH,@COL,2,D2,,,14.8,15.1,15.1,0.2,0.3,0.3,1.0,0.9,0.9,0.1,1.8,5.4,1.5,4.8,1.4
Taylor Fedun,,,D,3500,DAL,PIT,1,D3,,,13.6,12.8,12.8,1.8,1.3,1.3,9.3,5.9,5.9,0.3,11.5,5.7,1.6,4.8,1.4
David Savard,,,D,3500,CLS,@PHI,1,D2,,3.23,19.1,18.9,18.9,1.0,0.9,0.9,8.3,5.9,5.9,-1.6,13.5,7.8,2.2,3.2,0.9
Martin Marincin,,,D,3500,TOR,@MON,0,D3,,,10.6,11.1,11.1,0.6,0.8,0.8,2.9,3.2,3.2,1.8,4.6,3.9,1.1,0.0,0.0
Victor Rask,,Q,C,3500,MIN,LA,1,L3,,2.43,10.1,10.1,10.1,0.8,0.8,0.8,7.0,7.0,7.0,1.4,12.6,5.2,1.5,1.6,0.5
Conor Timmins,,,D,3500,COL,ANH,20,,,3.41,10.4,10.4,10.4,0.5,0.5,0.5,0.8,0.8,0.8,-0.3,1.9,0.0,0.0,0.0,0.0
Connor Clifton,,,D,3500,BOS,STL,3,,,,14.5,14.5,14.5,0.8,0.6,0.6,3.5,2.8,2.8,1.4,4.2,0.0,0.0,3.2,0.9
Brandon Davidson,,,D,3500,CGY,@WPG,n/a,,,,0.0,0.0,0.0,0.0,0.0,0.0,0.0,0.0,0.0,0.0,0.0,0.0,0.0,0.0,0.0
Scott Harrington,,,D,3500,CLS,@PHI,1,,,3.23,12.6,12.6,12.6,1.0,1.0,1.0,5.6,5.6,5.6,2.2,9.0,0.0,0.0,0.0,0.0
Brett Ritchie,,,W,3500,BOS,STL,3,L2,P2,,11.0,10.9,10.9,2.2,1.8,1.8,7.6,7.1,7.1,0.9,13.3,4.7,1.3,0.0,0.0
Ian Cole,,,D,3500,COL,ANH,0,D2,,3.41,18.5,18.0,18.0,1.2,1.0,1.0,12.8,10.9,10.9,2.6,19.2,8.6,2.5,4.8,1.4
Nathan Beaulieu,,Q,D,3500,WPG,CGY,n/a,,,,0.0,0.0,0.0,0.0,0.0,0.0,0.0,0.0,0.0,0.0,0.0,0.0,0.0,0.0,0.0
Matt Irwin,,,D,3500,NSH,@TB,1,D3,,,12.7,12.7,12.7,0.3,0.3,0.3,3.2,3.2,3.2,1.6,4.8,3.9,1.1,0.0,0.0
Steven Kampfer,,,D,3500,BOS,STL,3,D3,P2,,12.5,12.5,12.5,3.0,3.0,3.0,6.4,6.4,6.4,6.4,6.4,0.3,0.1,0.0,0.0
Jamie Oleksiak,,,D,3500,DAL,PIT,1,D3,,,12.2,13.0,13.0,0.2,0.7,0.7,2.6,4.1,4.1,-0.5,8.7,6.0,1.7,3.2,0.9
Andrej Sekera,,,D,3500,DAL,PIT,1,D2,,,21.4,21.2,21.2,1.6,1.3,1.3,5.8,5.7,5.7,3.2,8.2,6.2,1.8,0.0,0.0
Juuso Riikola,,,D,3500,PIT,@DAL,2,D3,P2,,7.9,7.9,7.9,1.0,1.0,1.0,2.1,2.1,2.1,-1.6,5.8,4.6,1.3,4.8,1.4
Jan Rutta,,,D,3500,TB,NSH,2,,,3.38,0.0,0.0,0.0,0.0,0.0,0.0,0.0,0.0,0.0,0.0,0.0,0.0,0.0,0.0,0.0
Vladislav Gavrikov,,,D,3500,CLS,@PHI,1,D3,,3.23,16.6,15.9,15.9,1.8,1.6,1.6,3.8,3.6,3.6,1.3,5.8,6.2,1.8,9.6,2.7
Brett Kulak,1,,D,3500,MON,TOR,1,D2,,2.88,16.0,15.4,15.4,1.6,1.3,1.3,4.5,4.8,4.8,0.9,8.7,6.9,2.0,0.0,0.0
Dmitry Kulikov,,,D,3500,WPG,CGY,3,D3,,,19.1,19.3,19.3,1.8,1.5,1.5,7.4,7.1,7.1,1.6,12.6,5.0,1.4,4.8,1.4
Robert Bortuzzo,,,D,3500,STL,@BOS,1,,,3.07,12.7,12.7,12.7,0.4,0.4,0.4,2.9,2.9,2.9,-0.2,6.0,0.0,0.0,0.0,0.0
Gustav Olofsson,,,D,3500,MON,TOR,n/a,,,2.88,0.0,0.0,0.0,0.0,0.0,0.0,0.0,0.0,0.0,0.0,0.0,0.0,0.0,0.0,0.0
Milan Lucic,,,W,3500,CGY,@WPG,1,L3,P2,,13.0,12.8,12.8,2.0,1.3,1.3,8.4,4.7,4.7,-0.2,9.7,5.7,1.6,1.6,0.5
Calle Rosen,,,D,3500,COL,ANH,n/a,,,3.41,0.0,0.0,0.0,0.0,0.0,0.0,0.0,0.0,0.0,0.0,0.0,0.0,0.0,0.0,0.0
Alec Martinez,,,D,3500,LA,@MIN,1,D2,P2,2.96,20.8,21.0,21.0,1.6,1.0,1.0,9.4,7.4,7.4,1.9,12.9,8.7,2.5,3.2,0.9
John Moore,,,D,3500,BOS,STL,n/a,,,,0.0,0.0,0.0,0.0,0.0,0.0,0.0,0.0,0.0,0.0,0.0,0.0,0.0,0.0,0.0
Samuel Morin,,,D,3500,PHI,CLS,1,,,,0.0,0.0,0.0,0.0,0.0,0.0,0.0,0.0,0.0,0.0,0.0,0.0,0.0,0.0,0.0
Carl Gunnarsson,,Q,D,3500,STL,@BOS,1,D1,,3.07,16.1,16.1,16.1,1.0,1.0,1.0,4.8,4.8,4.8,0.3,9.3,0.0,0.0,0.0,0.0
Trevor Lewis,,,W,3500,LA,@MIN,1,L3,,2.96,13.3,13.2,13.2,1.2,1.5,1.5,2.2,4.9,4.9,-2.3,12.1,6.6,1.9,4.8,1.4
Thomas Harley,,,D,3500,DAL,PIT,n/a,,,,0.0,0.0,0.0,0.0,0.0,0.0,0.0,0.0,0.0,0.0,0.0,0.0,0.0,0.0,0.0
Ryan Graves,,,D,3500,COL,ANH,0,D3,,3.41,17.0,16.3,16.3,0.6,1.1,1.1,4.2,7.1,7.1,2.1,12.1,7.0,2.0,3.2,0.9
Andrew MacDonald,,,D,3500,CGY,@WPG,n/a,,,,0.0,0.0,0.0,0.0,0.0,0.0,0.0,0.0,0.0,0.0,0.0,0.0,0.0,0.0,0.0
Sami Niku,,,D,3500,WPG,CGY,15,,,,17.0,17.0,17.0,1.0,1.0,1.0,6.4,6.4,6.4,6.4,6.4,0.0,0.0,0.0,0.0
Ben Harpur,,,D,3500,TOR,@MON,n/a,,,,0.0,0.0,0.0,0.0,0.0,0.0,0.0,0.0,0.0,0.0,0.0,0.0,0.0,0.0,0.0
Michael Stone,,,D,3500,CGY,@WPG,1,D3,,,12.8,12.8,12.8,1.5,1.5,1.5,7.8,7.8,7.8,-2.5,18.1,6.1,1.7,0.0,0.0
Urho Vaakanainen,,,D,3500,BOS,STL,n/a,,,,0.0,0.0,0.0,0.0,0.0,0.0,0.0,0.0,0.0,0.0,0.0,0.0,0.0,0.0,0.0
Stephen Johns,,,D,3500,DAL,PIT,n/a,,,,0.0,0.0,0.0,0.0,0.0,0.0,0.0,0.0,0.0,0.0,0.0,0.0,0.0,0.0,0.0
Dominik Kahun,,,W,3400,PIT,@DAL,2,L4,P2,,12.9,12.7,12.7,2.6,1.5,1.5,6.4,4.7,4.7,1.4,7.9,8.6,2.5,15.2,4.5
Ryan Hartman,,Q,W,3400,MIN,LA,1,L3,,2.43,13.6,12.8,12.8,0.8,1.3,1.3,2.9,4.2,4.2,-0.5,9.0,7.4,2.2,11.2,3.3
Sonny Milano,,,W,3400,CLS,@PHI,1,L3,,3.23,9.8,9.1,9.1,1.0,0.9,0.9,8.0,5.4,5.4,-0.9,11.7,7.6,2.2,19.2,5.6
Jordan Greenway,,Q,W,3400,MIN,LA,1,,,2.43,12.3,13.5,13.5,0.6,1.0,1.0,9.7,6.6,6.6,0.7,12.6,0.0,0.0,0.0,0.0
Jason Dickinson,,,W,3400,DAL,PIT,1,L3,,,15.5,14.3,14.3,1.2,1.0,1.0,2.9,2.6,2.6,0.7,4.5,6.6,1.9,6.4,1.9
Michael Frolik,,,W,3400,CGY,@WPG,1,L3,,,13.1,12.8,12.8,1.2,1.0,1.0,5.4,4.3,4.3,-1.5,10.1,7.9,2.3,3.2,0.9
Ryan Donato,,,W,3400,MIN,LA,1,L4,,2.43,11.6,11.6,11.6,1.2,1.4,1.4,3.8,3.4,3.4,-1.6,8.4,10.3,3.0,8.0,2.4
Karson Kuhlman,,Q,W,3400,BOS,STL,3,,,,13.0,12.9,12.9,1.6,1.6,1.6,3.5,3.2,3.2,1.3,5.1,0.0,0.0,0.0,0.0
Paul Byron,,,W,3400,MON,TOR,1,L3,,2.88,13.5,13.5,13.5,0.2,0.5,0.5,3.2,3.5,3.5,0.0,7.0,8.7,2.6,4.8,1.4
Pierre-Edouard Bellemare,,,C,3400,COL,ANH,0,L4,,3.41,12.0,12.0,12.0,1.0,0.8,0.8,10.2,8.4,8.4,-3.9,20.8,5.2,1.5,1.6,0.5
Robert Thomas,,,W,3400,STL,@BOS,1,L3,P1,3.07,11.1,11.1,11.1,1.6,1.6,1.6,5.0,5.0,5.0,-1.0,11.0,7.8,2.3,1.6,0.5
Colton Sissons,,,C,3400,NSH,@TB,1,L4,,,15.6,15.1,15.1,1.0,0.9,0.9,12.1,10.0,10.0,0.9,19.0,7.9,2.3,11.2,3.3
Trevor Moore,,,W,3400,TOR,@MON,0,L3,P2,,15.9,14.9,14.9,1.6,1.8,1.8,4.9,8.4,8.4,-0.2,17.0,5.6,1.6,4.8,1.4
Andrew Mangiapane,,,W,3400,CGY,@WPG,1,L2,,,10.8,11.3,11.3,1.8,1.7,1.7,11.2,7.0,7.0,0.8,13.3,6.4,1.9,0.0,0.0
Blake Comeau,,Q,W,3400,DAL,PIT,22,,,,4.4,4.4,4.4,1.0,1.0,1.0,1.6,1.6,1.6,1.6,1.6,0.0,0.0,0.0,0.0
Michael Raffl,,Q,W,3400,PHI,CLS,1,L4,,,11.0,10.6,10.6,2.0,1.8,1.8,10.2,9.1,9.1,-3.4,21.6,5.4,1.6,15.2,4.5
Carter Rowney,,,W,3400,ANH,@COL,1,L4,,,11.3,12.4,12.4,0.6,0.7,0.7,4.4,3.7,3.7,-1.1,8.6,5.0,1.5,13.6,4.0
Patrick Maroon,,,W,3400,TB,NSH,2,L4,P2,3.38,11.5,11.9,11.9,1.6,1.4,1.4,4.8,5.8,5.8,0.2,11.3,5.2,1.5,3.2,0.9
Nate Thompson,,,C,3300,MON,TOR,1,L4,,2.88,13.5,13.6,13.6,1.0,1.0,1.0,7.4,6.8,6.8,1.5,12.1,4.1,1.2,11.2,3.4
Drew Stafford,,,W,3300,MIN,LA,n/a,,,2.43,0.0,0.0,0.0,0.0,0.0,0.0,0.0,0.0,0.0,0.0,0.0,0.0,0.0,0.0,0.0
Austin Watson,,,W,3300,NSH,@TB,1,,,,13.6,13.2,13.2,0.8,0.9,0.9,3.5,5.5,5.5,-1.1,12.1,0.0,0.0,3.2,1.0
Jordan Weal,,,W,3300,MON,TOR,1,,,2.88,15.1,14.2,14.2,1.8,2.3,2.3,8.3,8.5,8.5,2.3,14.6,0.0,0.0,0.0,0.0
Jason Spezza,,,C,3300,TOR,@MON,0,L3,P2,,10.5,10.5,10.5,1.8,1.8,1.8,6.4,5.9,5.9,0.4,11.3,6.7,2.0,4.8,1.5
Andrew Cogliano,,,W,3300,DAL,PIT,1,L4,,,10.5,10.9,10.9,0.8,0.8,0.8,3.5,3.2,3.2,-0.8,7.2,6.0,1.8,1.6,0.5
Mathieu Perreault,,,W,3300,WPG,CGY,3,L4,P2,,13.5,13.1,13.1,1.4,1.5,1.5,5.3,5.8,5.8,-1.2,12.8,6.8,2.1,4.8,1.5
Austin Czarnik,,Q,W,3300,CGY,@WPG,1,,,,12.7,10.2,10.2,1.2,1.1,1.1,9.1,6.3,6.3,0.2,12.3,0.0,0.0,0.0,0.0
Troy Terry,,,W,3300,ANH,@COL,1,L1,P2,,13.7,13.5,13.5,1.8,1.6,1.6,5.3,3.7,3.7,-0.8,8.2,8.1,2.5,3.2,1.0
Anders Bjork,,,W,3300,BOS,STL,3,L3,,,13.3,13.3,13.3,4.0,4.0,4.0,8.0,8.0,8.0,8.0,8.0,5.0,1.5,18.8,5.7
Frederik Gauthier,,,C,3300,TOR,@MON,0,L4,,,11.5,10.7,10.7,0.4,1.1,1.1,3.2,5.2,5.2,-1.1,11.5,3.4,1.0,0.0,0.0
Par Lindholm,,,W,3300,BOS,STL,3,L3,,,11.6,11.6,11.6,1.2,1.2,1.2,4.6,4.6,4.6,-0.7,10.0,5.4,1.6,3.2,1.0
Phil Varone,,,W,3300,MON,TOR,n/a,,,2.88,0.0,0.0,0.0,0.0,0.0,0.0,0.0,0.0,0.0,0.0,0.0,0.0,0.0,0.0,0.0
Marcus Foligno,,,W,3300,MIN,LA,1,L3,,2.43,16.1,14.6,14.6,1.2,1.6,1.6,5.6,7.1,7.1,1.6,12.7,5.7,1.7,9.6,2.9
Adam Johnson,,Q,W,3300,PIT,@DAL,2,,,,7.6,6.7,6.7,0.6,0.7,0.7,1.9,4.7,4.7,-3.6,13.0,0.0,0.0,0.0,0.0
Zachary Sanford,,,W,3200,STL,@BOS,1,L3,,3.07,8.8,8.8,8.8,1.0,1.0,1.0,3.8,3.8,3.8,-2.2,9.9,6.4,2.0,0.0,0.0
Kiefer Sherwood,,,W,3200,ANH,@COL,n/a,,,,0.0,0.0,0.0,0.0,0.0,0.0,0.0,0.0,0.0,0.0,0.0,0.0,0.0,0.0,0.0
Maxime Comtois,,,W,3200,ANH,@COL,1,L3,P1,,15.0,14.4,14.4,0.6,0.7,0.7,5.1,4.5,4.5,-1.0,10.0,5.1,1.6,15.2,4.8
Gerald Mayhew,,,W,3200,MIN,LA,1,L4,P2,2.43,9.4,9.4,9.4,1.6,1.6,1.6,5.0,5.0,5.0,-1.0,11.0,0.0,0.0,15.2,4.8
Blake Lizotte,1,,C,3200,LA,@MIN,1,L2,,2.96,13.5,13.1,13.1,1.2,1.0,1.0,6.1,4.8,4.8,1.0,8.6,4.8,1.5,1.6,0.5
Mario Kempe,,,W,3200,LA,@MIN,n/a,,,2.96,0.0,0.0,0.0,0.0,0.0,0.0,0.0,0.0,0.0,0.0,0.0,0.0,0.0,0.0,0.0
Nick Ritchie,1,,W,3200,ANH,@COL,1,L1,P1,,14.0,13.7,13.7,2.6,1.9,1.9,8.7,7.8,7.8,2.7,12.9,8.4,2.6,11.2,3.5
Nick Cousins,,,W,3200,MON,TOR,1,L4,P1,2.88,12.5,12.5,12.5,2.3,2.3,2.3,11.0,11.0,11.0,2.4,19.6,7.2,2.3,8.0,2.5
Matt Calvert,,,W,3200,COL,ANH,0,L4,,3.41,12.0,12.5,12.5,2.2,1.7,1.7,13.0,9.9,9.9,0.2,19.6,7.1,2.2,1.6,0.5
Ivan Barbashev,,,W,3200,STL,@BOS,1,L4,,3.07,13.6,13.3,13.3,1.0,0.7,0.7,2.9,4.2,4.2,1.0,7.3,6.1,1.9,0.0,0.0
Robby Fabbri,,,W,3200,STL,@BOS,1,,,3.07,9.4,9.5,9.5,1.2,0.9,0.9,4.6,3.1,3.1,-2.1,8.3,0.0,0.0,0.0,0.0
Devin Shore,,,W,3200,ANH,@COL,1,L4,,,12.5,13.1,13.1,0.6,1.1,1.1,3.8,5.0,5.0,1.2,8.9,7.4,2.3,1.6,0.5
Adam Lowry,,,C,3200,WPG,CGY,3,L3,,,14.1,13.1,13.1,1.6,1.1,1.1,3.2,2.9,2.9,1.0,4.8,7.3,2.3,0.0,0.0
Garrett Wilson,,,W,3200,TOR,@MON,n/a,,,,0.0,0.0,0.0,0.0,0.0,0.0,0.0,0.0,0.0,0.0,0.0,0.0,0.0,0.0,0.0
Cedric Paquette,,Q,C,3200,TB,NSH,2,L4,,3.38,12.3,12.3,12.3,1.0,1.0,1.0,15.2,15.2,15.2,15.2,15.2,5.6,1.7,0.0,0.0
Nicolas Petan,,,W,3200,TOR,@MON,0,,,,7.6,7.6,7.6,1.0,1.0,1.0,3.6,3.6,3.6,0.6,6.6,0.0,0.0,0.0,0.0
Riley Nash,,,W,3200,CLS,@PHI,1,L4,,3.23,11.1,11.2,11.2,1.2,0.9,0.9,8.9,7.0,7.0,-0.8,14.8,5.6,1.7,0.0,0.0
Denis Gurianov,,,W,3200,DAL,PIT,1,L1,P2,,10.6,10.1,10.1,2.2,2.0,2.0,10.0,7.3,7.3,-2.1,16.6,5.1,1.6,6.4,2.0
Valeri Nichushkin,,,W,3100,COL,ANH,0,L3,,3.41,10.8,11.1,11.1,1.4,1.2,1.2,4.5,3.7,3.7,-1.8,9.2,5.4,1.7,3.2,1.0
Isac Lundestrom,,,C,3100,ANH,@COL,11,,,,11.3,11.3,11.3,1.0,1.0,1.0,2.1,2.1,2.1,-1.6,5.8,0.0,0.0,0.0,0.0
Nicholas Caamano,,,W,3100,DAL,PIT,11,,,,10.9,11.0,11.0,1.2,1.0,1.0,5.3,4.4,4.4,-1.3,10.1,0.0,0.0,0.0,0.0
Joel L'Esperance,,,W,3100,DAL,PIT,11,,,,7.3,7.3,7.3,0.7,0.7,0.7,5.6,5.6,5.6,-1.5,12.7,0.0,0.0,0.0,0.0
Max Jones,,,W,3100,ANH,@COL,1,L3,,,11.9,12.9,12.9,2.0,1.8,1.8,3.2,4.0,4.0,1.4,6.6,6.6,2.1,1.6,0.5
Pontus Aberg,,,W,3100,TOR,@MON,n/a,,,,0.0,0.0,0.0,0.0,0.0,0.0,0.0,0.0,0.0,0.0,0.0,0.0,0.0,0.0,0.0
Justin Dowling,,,W,3100,DAL,PIT,1,L4,,,10.3,10.9,10.9,1.4,1.1,1.1,3.2,2.4,2.4,1.0,3.8,2.2,0.7,6.4,2.1
David Backes,,,W,3100,BOS,STL,3,,,,9.1,9.1,9.1,2.0,2.0,2.0,3.2,3.2,3.2,1.6,4.8,0.0,0.0,0.0,0.0
Kristian Vesalainen,,,W,3100,WPG,CGY,n/a,,,,0.0,0.0,0.0,0.0,0.0,0.0,0.0,0.0,0.0,0.0,0.0,0.0,0.0,0.0,0.0
Chris Wagner,,,W,3100,BOS,STL,3,L4,,,14.8,14.2,14.2,1.4,1.1,1.1,6.1,4.6,4.6,1.0,8.2,6.2,2.0,4.8,1.5
Ryan Poehling,,,W,3100,MON,TOR,n/a,,,2.88,0.0,0.0,0.0,0.0,0.0,0.0,0.0,0.0,0.0,0.0,0.0,0.0,0.0,0.0,0.0
Mark Jankowski,,,C,3100,CGY,@WPG,1,,,,11.5,10.9,10.9,0.4,0.6,0.6,1.6,2.2,2.2,0.1,4.2,0.0,0.0,0.0,0.0
Luka Burzan,,,W,3000,COL,ANH,n/a,,,3.41,0.0,0.0,0.0,0.0,0.0,0.0,0.0,0.0,0.0,0.0,0.0,0.0,0.0,0.0,0.0
Brayden Tracey,,,W,3000,ANH,@COL,n/a,,,,0.0,0.0,0.0,0.0,0.0,0.0,0.0,0.0,0.0,0.0,0.0,0.0,0.0,0.0,0.0
Alex Beaucage,,,W,3000,COL,ANH,n/a,,,3.41,0.0,0.0,0.0,0.0,0.0,0.0,0.0,0.0,0.0,0.0,0.0,0.0,0.0,0.0,0.0
Hunter Garlent,,,C,3000,NSH,@TB,n/a,,,,0.0,0.0,0.0,0.0,0.0,0.0,0.0,0.0,0.0,0.0,0.0,0.0,0.0,0.0,0.0
Sasha Mutala,,,W,3000,COL,ANH,n/a,,,3.41,0.0,0.0,0.0,0.0,0.0,0.0,0.0,0.0,0.0,0.0,0.0,0.0,0.0,0.0,0.0
David Gustafsson,,,C,3000,WPG,CGY,3,L4,,,6.1,6.1,6.1,0.0,0.0,0.0,0.8,0.8,0.8,-0.1,1.7,0.0,0.0,1.6,0.5
Andrei Chibisov,,,W,3000,WPG,CGY,n/a,,,,0.0,0.0,0.0,0.0,0.0,0.0,0.0,0.0,0.0,0.0,0.0,0.0,0.0,0.0,0.0
Rhett Gardner,,,W,3000,DAL,PIT,4,,,,9.8,10.2,10.2,1.2,1.1,1.1,1.9,2.1,2.1,0.5,3.6,0.0,0.0,0.0,0.0
Emil Bemstrom,,,W,3000,CLS,@PHI,1,L4,P2,3.23,10.8,10.5,10.5,1.8,1.3,1.3,5.4,4.7,4.7,0.0,9.3,9.0,3.0,4.8,1.6
Nikolai Prokhorkin,,,C,3000,LA,@MIN,1,,,2.96,0.0,0.0,0.0,0.0,0.0,0.0,0.0,0.0,0.0,0.0,0.0,0.0,0.0,0.0,0.0
Nico Sturm,,,C,3000,MIN,LA,n/a,,,2.43,0.0,0.0,0.0,0.0,0.0,0.0,0.0,0.0,0.0,0.0,0.0,0.0,0.0,0.0,0.0
Joel Farabee,1,,W,3000,PHI,CLS,1,L3,P1,,14.7,14.7,14.7,3.5,3.5,3.5,9.6,9.6,9.6,2.8,16.4,9.3,3.1,8.0,2.7
Joona Luoto,,,W,3000,WPG,CGY,n/a,,,,0.0,0.0,0.0,0.0,0.0,0.0,0.0,0.0,0.0,0.0,0.0,0.0,0.0,0.0,0.0
Jakob Lilja,,,W,3000,CLS,@PHI,1,,,3.23,8.8,8.9,8.9,0.8,1.0,1.0,5.8,5.0,5.0,0.9,9.1,0.0,0.0,0.0,0.0
Joel Teasdale,,,W,3000,MON,TOR,n/a,,,2.88,0.0,0.0,0.0,0.0,0.0,0.0,0.0,0.0,0.0,0.0,0.0,0.0,0.0,0.0,0.0
J.C. Lipon,,,W,3000,WPG,CGY,n/a,,,,0.0,0.0,0.0,0.0,0.0,0.0,0.0,0.0,0.0,0.0,0.0,0.0,0.0,0.0,0.0
Carter Verhaeghe,,,W,3000,TB,NSH,2,,,3.38,9.5,10.1,10.1,1.2,1.3,1.3,1.9,3.0,3.0,-1.2,7.2,0.0,0.0,0.0,0.0
Nathan Walker,,,W,3000,STL,@BOS,n/a,,,3.07,0.0,0.0,0.0,0.0,0.0,0.0,0.0,0.0,0.0,0.0,0.0,0.0,0.0,0.0,0.0
Michael McCarron,,,W,3000,MON,TOR,n/a,,,2.88,0.0,0.0,0.0,0.0,0.0,0.0,0.0,0.0,0.0,0.0,0.0,0.0,0.0,0.0,0.0
Brendan Gaunce,,,W,3000,BOS,STL,n/a,,,,0.0,0.0,0.0,0.0,0.0,0.0,0.0,0.0,0.0,0.0,0.0,0.0,0.0,0.0,0.0
Charles Hudon,,,W,3000,MON,TOR,n/a,,,2.88,0.0,0.0,0.0,0.0,0.0,0.0,0.0,0.0,0.0,0.0,0.0,0.0,0.0,0.0,0.0
Andrew Agozzino,,,W,3000,PIT,@DAL,15,,,,1.7,1.7,1.7,0.0,0.0,0.0,0.0,0.0,0.0,0.0,0.0,0.0,0.0,0.0,0.0
Joseph Blandisi,,,W,3000,PIT,@DAL,2,,,,8.9,8.6,8.6,0.2,0.4,0.4,1.0,4.2,4.2,-2.0,10.5,0.0,0.0,0.0,0.0
Rocco Grimaldi,,,W,3000,NSH,@TB,1,L3,,,11.7,11.6,11.6,1.6,1.9,1.9,9.8,8.1,8.1,2.6,13.6,6.7,2.2,3.2,1.1
Gemel Smith,,,W,3000,TB,NSH,19,,,3.38,9.4,9.4,9.4,0.3,0.3,0.3,5.6,5.6,5.6,-1.5,12.7,0.0,0.0,0.0,0.0
Chase De Leo,,,W,3000,ANH,@COL,n/a,,,,0.0,0.0,0.0,0.0,0.0,0.0,0.0,0.0,0.0,0.0,0.0,0.0,0.0,0.0,0.0
Ryan Kesler,,,C,3000,ANH,@COL,n/a,,,,0.0,0.0,0.0,0.0,0.0,0.0,0.0,0.0,0.0,0.0,0.0,0.0,0.0,0.0,0.0
Daniel Carr,,,W,3000,NSH,@TB,8,,,,8.8,8.8,8.8,1.3,1.3,1.3,2.7,2.7,2.7,0.8,4.5,0.0,0.0,0.0,0.0
Bryan Rust,,Q,W,3000,PIT,@DAL,n/a,L2,,,0.0,0.0,0.0,0.0,0.0,0.0,0.0,0.0,0.0,0.0,0.0,9.0,3.0,16.8,5.6
Alan Quine,,,C,3000,CGY,@WPG,5,L4,,,9.8,9.8,9.8,3.0,3.0,3.0,4.8,4.8,4.8,4.8,4.8,5.3,1.8,0.0,0.0
Tyler Gaudet,,,C,3000,TOR,@MON,n/a,,,,0.0,0.0,0.0,0.0,0.0,0.0,0.0,0.0,0.0,0.0,0.0,0.0,0.0,0.0,0.0
Marko Dano,,,W,3000,CLS,@PHI,n/a,,,3.23,0.0,0.0,0.0,0.0,0.0,0.0,0.0,0.0,0.0,0.0,0.0,0.0,0.0,0.0,0.0
Miikka Salomaki,,,W,3000,NSH,@TB,1,L4,,,13.8,13.8,13.8,0.3,0.3,0.3,5.6,5.6,5.6,-1.5,12.7,3.5,1.2,0.0,0.0
Nick Shore,,,C,3000,TOR,@MON,0,L4,,,8.6,9.4,9.4,0.0,0.3,0.3,0.6,3.3,3.3,-4.8,11.4,4.5,1.5,3.2,1.1
Gabriel Dumont,,,W,3000,MIN,LA,1,,,2.43,11.5,11.5,11.5,1.0,1.0,1.0,2.7,2.7,2.7,1.7,3.6,0.0,0.0,0.0,0.0
Nicolas Deslauriers,,,W,3000,ANH,@COL,1,,,,9.6,9.6,9.6,0.5,0.5,0.5,1.2,1.2,1.2,0.4,2.0,0.0,0.0,0.0,0.0
Gabriel Bourque,,,W,3000,WPG,CGY,3,L4,,,8.4,10.1,10.1,0.2,0.7,0.7,1.0,2.5,2.5,0.3,4.7,4.3,1.4,4.8,1.6
Matt Read,,,W,3000,TOR,@MON,n/a,,,,0.0,0.0,0.0,0.0,0.0,0.0,0.0,0.0,0.0,0.0,0.0,0.0,0.0,0.0,0.0
Derek Grant,,,W,3000,ANH,@COL,1,L4,,,13.0,13.9,13.9,1.4,1.5,1.5,3.2,5.2,5.2,-0.3,10.7,5.7,1.9,11.2,3.7
Devante Smith-Pelly,,,W,3000,CGY,@WPG,n/a,,,,0.0,0.0,0.0,0.0,0.0,0.0,0.0,0.0,0.0,0.0,0.0,0.0,0.0,0.0,0.0
Tyler Pitlick,,,W,3000,PHI,CLS,1,,,,10.9,10.7,10.7,0.6,0.5,0.5,1.6,3.2,3.2,-0.8,7.2,0.0,0.0,0.0,0.0
Darren Archibald,,,W,3000,TOR,@MON,n/a,,,,0.0,0.0,0.0,0.0,0.0,0.0,0.0,0.0,0.0,0.0,0.0,0.0,0.0,0.0,0.0
Zac Rinaldo,,,W,3000,CGY,@WPG,n/a,,,,0.0,0.0,0.0,0.0,0.0,0.0,0.0,0.0,0.0,0.0,0.0,0.0,0.0,0.0,0.0
Dale Weise,,,W,3000,MON,TOR,n/a,,,2.88,0.0,0.0,0.0,0.0,0.0,0.0,0.0,0.0,0.0,0.0,0.0,0.0,0.0,0.0,0.0
Tobias Rieder,,,W,3000,CGY,@WPG,1,L4,,,12.9,11.7,11.7,1.4,1.0,1.0,5.6,4.1,4.1,-0.1,8.3,4.3,1.4,3.2,1.1
Luke Witkowski,,,W,3000,TB,NSH,2,L4,,3.38,8.4,8.7,8.7,0.6,1.0,1.0,5.0,5.1,5.1,0.2,9.9,1.9,0.6,0.0,0.0
Nick Bjugstad,,Q,C,3000,PIT,@DAL,20,L2,P2,,13.9,13.9,13.9,0.5,0.5,0.5,0.8,0.8,0.8,-0.3,1.9,9.3,3.1,9.6,3.2
Kenneth Agostino,,,W,3000,TOR,@MON,n/a,,,,0.0,0.0,0.0,0.0,0.0,0.0,0.0,0.0,0.0,0.0,0.0,0.0,0.0,0.0,0.0
Patrick Eaves,,,W,3000,ANH,@COL,n/a,,,,0.0,0.0,0.0,0.0,0.0,0.0,0.0,0.0,0.0,0.0,0.0,0.0,0.0,0.0,0.0
J.T. Brown,,,W,3000,MIN,LA,n/a,,,2.43,0.0,0.0,0.0,0.0,0.0,0.0,0.0,0.0,0.0,0.0,0.0,0.0,0.0,0.0,0.0
Mark Letestu,,,C,3000,WPG,CGY,10,,,,10.7,10.6,10.6,0.8,0.7,0.7,2.9,2.3,2.3,0.7,3.8,0.0,0.0,0.0,0.0
Joakim Nordstrom,,Q,W,3000,BOS,STL,3,L4,,,13.9,13.9,13.9,1.8,1.8,1.8,6.6,6.6,6.6,0.3,12.9,5.3,1.8,3.2,1.1
Frederick Gaudreau,,,C,3000,NSH,@TB,n/a,,,,0.0,0.0,0.0,0.0,0.0,0.0,0.0,0.0,0.0,0.0,0.0,0.0,0.0,0.0,0.0
Peter Cehlarik,,,W,3000,BOS,STL,n/a,,,,0.0,0.0,0.0,0.0,0.0,0.0,0.0,0.0,0.0,0.0,0.0,0.0,0.0,0.0,0.0
Mikhail Vorobyov,,,W,3000,PHI,CLS,1,L4,,,9.1,9.1,9.1,1.0,1.0,1.0,5.6,5.6,5.6,-0.1,11.3,3.0,1.0,0.0,0.0
Carl Grundstrom,,,W,3000,LA,@MIN,8,,,2.96,11.2,11.2,11.2,2.0,2.0,2.0,11.2,11.2,11.2,11.2,11.2,0.0,0.0,0.0,0.0
Dillon Dube,,,W,3000,CGY,@WPG,n/a,,,,0.0,0.0,0.0,0.0,0.0,0.0,0.0,0.0,0.0,0.0,0.0,0.0,0.0,0.0,0.0
Connor Bunnaman,,,C,3000,PHI,CLS,9,,,,9.6,9.6,9.6,1.0,1.0,1.0,2.0,2.0,2.0,1.2,2.8,0.0,0.0,0.0,0.0
Carsen Twarynski,,,W,3000,PHI,CLS,6,,,,9.4,9.9,9.9,0.6,0.7,0.7,3.7,3.3,3.3,-2.6,9.3,0.0,0.0,0.0,0.0
Jordan Kyrou,,,W,3000,STL,@BOS,n/a,,,3.07,0.0,0.0,0.0,0.0,0.0,0.0,0.0,0.0,0.0,0.0,0.0,0.0,0.0,0.0,0.0
Anthony-John Greer,,,W,3000,COL,ANH,n/a,,,3.41,0.0,0.0,0.0,0.0,0.0,0.0,0.0,0.0,0.0,0.0,0.0,0.0,0.0,0.0,0.0
Morgan Frost,,,C,3000,PHI,CLS,n/a,,,,0.0,0.0,0.0,0.0,0.0,0.0,0.0,0.0,0.0,0.0,0.0,0.0,0.0,0.0,0.0
Klim Kostin,,,W,3000,STL,@BOS,n/a,,,3.07,0.0,0.0,0.0,0.0,0.0,0.0,0.0,0.0,0.0,0.0,0.0,0.0,0.0,0.0,0.0
Jason Robertson,,,W,3000,DAL,PIT,n/a,,,,0.0,0.0,0.0,0.0,0.0,0.0,0.0,0.0,0.0,0.0,0.0,0.0,0.0,0.0,0.0
Jack Studnicka,,,C,3000,BOS,STL,n/a,,,,0.0,0.0,0.0,0.0,0.0,0.0,0.0,0.0,0.0,0.0,0.0,0.0,0.0,0.0,0.0
Erik Foley,,,W,3000,STL,@BOS,n/a,,,3.07,0.0,0.0,0.0,0.0,0.0,0.0,0.0,0.0,0.0,0.0,0.0,0.0,0.0,0.0,0.0
Sam Lafferty,,,W,3000,PIT,@DAL,2,L4,,,13.5,13.7,13.7,1.2,1.9,1.9,2.6,9.9,9.9,-4.0,23.7,1.7,0.6,11.2,3.7
Mason Appleton,,Q,W,3000,WPG,CGY,3,,,,9.9,10.4,10.4,0.4,1.0,1.0,1.9,2.3,2.3,0.2,4.4,0.0,0.0,0.0,0.0
Jaret Anderson-Dolan,,,C,3000,LA,@MIN,n/a,,,2.96,0.0,0.0,0.0,0.0,0.0,0.0,0.0,0.0,0.0,0.0,0.0,0.0,0.0,0.0,0.0
Alexander Volkov,,,W,3000,TB,NSH,n/a,,,3.38,0.0,0.0,0.0,0.0,0.0,0.0,0.0,0.0,0.0,0.0,0.0,0.0,0.0,0.0,0.0
Mason Shaw,,,C,3000,MIN,LA,n/a,,,2.43,0.0,0.0,0.0,0.0,0.0,0.0,0.0,0.0,0.0,0.0,0.0,0.0,0.0,0.0,0.0
Trent Frederic,,,C,3000,BOS,STL,n/a,,,,0.0,0.0,0.0,0.0,0.0,0.0,0.0,0.0,0.0,0.0,0.0,0.0,0.0,0.0,0.0
Markus Hannikainen,,,W,3000,CLS,@PHI,6,,,3.23,0.0,0.0,0.0,0.0,0.0,0.0,0.0,0.0,0.0,0.0,0.0,0.0,0.0,0.0,0.0
Andreas Martinsen,,,W,3000,ANH,@COL,n/a,,,,0.0,0.0,0.0,0.0,0.0,0.0,0.0,0.0,0.0,0.0,0.0,0.0,0.0,0.0,0.0
Martin Hanzal,,,C,3000,DAL,PIT,n/a,,,,0.0,0.0,0.0,0.0,0.0,0.0,0.0,0.0,0.0,0.0,0.0,0.0,0.0,0.0,0.0
Matthew Peca,,,C,3000,MON,TOR,n/a,,,2.88,0.0,0.0,0.0,0.0,0.0,0.0,0.0,0.0,0.0,0.0,0.0,0.0,0.0,0.0,0.0
Danick Martel,,,W,3000,TB,NSH,n/a,,,3.38,0.0,0.0,0.0,0.0,0.0,0.0,0.0,0.0,0.0,0.0,0.0,0.0,0.0,0.0,0.0
Vladislav Kamenev,,,C,3000,COL,ANH,0,,,3.41,0.0,0.0,0.0,0.0,0.0,0.0,0.0,0.0,0.0,0.0,0.0,0.0,0.0,0.0,0.0
MacKenzie MacEachern,,,W,3000,STL,@BOS,1,,,3.07,7.9,7.9,7.9,1.0,1.0,1.0,2.7,2.7,2.7,0.8,4.5,0.0,0.0,0.0,0.0
Kalle Kossila,,,W,3000,TOR,@MON,n/a,,,,0.0,0.0,0.0,0.0,0.0,0.0,0.0,0.0,0.0,0.0,0.0,0.0,0.0,0.0,0.0
Chris Stewart,,,W,3000,PHI,CLS,1,L4,,,7.8,7.8,7.8,0.0,0.0,0.0,2.4,2.4,2.4,-1.4,6.2,0.6,0.2,1.6,0.5
Brandon Dubinsky,,,W,3000,CLS,@PHI,n/a,,,3.23,0.0,0.0,0.0,0.0,0.0,0.0,0.0,0.0,0.0,0.0,0.0,0.0,0.0,0.0,0.0
Sam Carrick,,,W,3000,ANH,@COL,n/a,,,,0.0,0.0,0.0,0.0,0.0,0.0,0.0,0.0,0.0,0.0,0.0,0.0,0.0,0.0,0.0
Austin Wagner,,,W,3000,LA,@MIN,1,L4,,2.96,9.4,10.1,10.1,2.2,2.0,2.0,6.2,6.4,6.4,-0.5,13.3,5.9,2.0,3.2,1.1
Daniel Sprong,,,W,3000,ANH,@COL,n/a,,,,0.0,0.0,0.0,0.0,0.0,0.0,0.0,0.0,0.0,0.0,0.0,0.0,0.0,0.0,0.0
Eric Robinson,,,W,3000,CLS,@PHI,n/a,,,3.23,0.0,0.0,0.0,0.0,0.0,0.0,0.0,0.0,0.0,0.0,0.0,0.0,0.0,0.0,0.0
