Player Name,Likes,Inj,Pos,Salary,Team,Opp,Vegas Pts,Vegas Spread,Defense Pass Yds/G,Defense Rush Yds/G,DvP,L3 Pass Att,S Pass Att,Proj Pass Att,Red Zone Pass Att,Yards Per Pass Att,L3 Rush Att,S Rush Att,Proj Rush Att,Red Zone Rush Att,Yards Per Rush Att,L3 Targets,S Targets,Proj Targets,Red Zone Targets,Yards Per Target,Projected Usage,L3 FP,L16 FP,S FP,Floor FP,Ceil FP,Proj FP,Proj Val,Actual FP,Actual Val
Lamar Jackson,5,,QB,9600,BAL,@WAS,29.0,BAL by 13,-2%,24%,9%,25.7,25.7,29.3,6.0,7.5,10.7,10.7,9.5,2.0,5.7,0.0,0.0,0.0,0.0,0.0,61,19.8,19.8,19.8,12.9,26.7,25.3,2.6,26.0,2.7
Russell Wilson,12,,QB,9000,SEA,@MIA,29.5,SEA by 6.5,10%,5%,17%,34.3,34.3,33.8,4.3,9.0,4.7,4.7,4.6,0.0,6.4,0.0,0.0,0.0,0.0,0.0,64,34.3,34.3,34.3,31.8,36.8,25.1,2.8,21.9,2.4
Ezekiel Elliott,8,,RB,9000,DAL,CLE,30.3,DAL by 4.5,-5%,24%,8%,0.0,0.0,0.0,0.0,0.0,19.3,19.3,19.5,5.0,3.8,7.7,7.7,5.1,0.7,3.8,38,20.1,20.1,20.1,14.3,25.8,18.9,2.1,16.5,1.8
Alvin Kamara,19,,RB,8800,NO,@DET,29.0,NO by 4,18%,8%,20%,0.0,0.0,0.0,0.0,0.0,10.3,10.3,11.5,3.0,4.9,10.3,10.3,9.1,2.3,9.2,34,31.1,31.1,31.1,22.3,39.9,25.5,2.9,19.4,2.2
Michael Thomas,,Q,WR,8800,NO,@DET,29.0,NO by 4,18%,8%,21%,0.0,0.0,0.0,0.0,0.0,0.0,0.0,0.0,0.0,0.0,5.0,5.0,0.0,2.0,3.4,0,3.2,3.2,3.2,3.2,3.2,0.0,0.0,0.0,0.0
DeAndre Hopkins,11,,WR,8700,ARI,@CAR,27.3,ARI by 3,6%,24%,7%,0.0,0.0,0.0,0.0,0.0,0.0,0.0,0.2,0.0,0.0,12.3,12.3,10.4,1.7,9.6,17,19.2,19.2,19.2,16.5,21.9,15.5,1.8,7.6,0.9
Dalvin Cook,21,,RB,8700,MIN,@HOU,24.8,HOU by 5,7%,19%,23%,0.0,0.0,0.0,0.0,0.0,16.0,16.0,18.2,1.7,6.1,3.0,3.0,4.4,0.0,2.7,37,20.8,20.8,20.8,16.3,25.2,18.6,2.1,27.6,3.2
Josh Allen,14,,QB,8600,BUF,@LV,28.0,BUF by 3,6%,-7%,12%,38.0,38.0,36.0,9.7,9.1,7.3,7.3,6.8,2.0,3.8,0.0,0.0,0.0,0.0,0.0,73,31.6,31.6,31.6,28.4,34.8,24.6,2.9,25.4,3.0
Derrick Henry,,,RB,8500,TEN,PIT,22.5,PIT by 2,-23%,-19%,-33%,0.0,0.0,,0.0,0.0,27.3,27.3,,6.7,3.9,2.7,2.7,,0.3,3.3,,16.3,16.3,16.3,7.4,25.3,0.0,0.0,0.0,0.0
Kyler Murray,6,,QB,8400,ARI,@CAR,27.3,ARI by 3,6%,24%,-5%,37.7,37.7,35.0,3.7,7.0,8.7,8.7,6.1,1.7,7.2,0.0,0.0,0.0,0.0,0.0,66,28.4,28.4,28.4,24.1,32.7,23.8,2.8,23.1,2.8
Nick Chubb,5,O,RB,8300,CLE,@DAL,25.8,DAL by 4.5,-2%,-4%,-7%,0.0,0.0,0.0,0.0,0.0,17.0,17.0,17.1,3.7,5.7,1.0,1.0,1.6,0.0,5.7,29,18.1,18.1,18.1,6.8,29.5,0.0,0.0,4.3,0.5
Dak Prescott,19,,QB,8200,DAL,CLE,30.3,DAL by 4.5,-5%,24%,11%,47.7,47.7,37.9,4.0,8.3,4.7,4.7,4.5,1.3,5.3,0.0,0.0,0.0,0.0,0.0,65,29.0,29.0,29.0,17.9,40.1,24.5,3.0,38.3,4.7
Joshua Jacobs,2,,RB,8000,LV,BUF,25.0,BUF by 3,-12%,-8%,-6%,0.0,0.0,0.0,0.0,0.0,22.7,22.7,17.7,4.7,3.7,4.3,4.3,3.8,0.0,5.8,36,17.9,17.9,17.9,3.9,31.9,15.8,2.0,8.8,1.1
Chris Carson,1,false,RB,7900,SEA,@MIA,29.5,SEA by 6.5,10%,5%,6%,0.0,0.0,0.0,0.0,0.0,12.3,12.3,14.3,1.7,4.2,4.0,4.0,3.5,1.0,7.8,30,16.3,16.3,16.3,9.9,22.8,14.5,1.8,23.5,3.0
Deshaun Watson,6,,QB,7800,HOU,MIN,29.8,HOU by 5,5%,1%,-15%,31.7,31.7,34.4,3.0,8.3,4.0,4.0,5.0,0.3,4.1,0.0,0.0,0.0,0.0,0.0,65,18.5,18.5,18.5,15.4,21.6,22.6,2.9,20.9,2.7
Drew Brees,1,,QB,7700,NO,@DET,29.0,NO by 4,18%,8%,19%,34.7,34.7,33.9,7.0,7.3,0.7,0.7,0.2,0.3,0.0,0.0,0.0,0.0,0.0,0.0,56,17.8,17.8,17.8,12.8,22.8,18.8,2.4,16.5,2.1
Chris Godwin,,Q,WR,7700,TB,LAC,24.8,TB by 7,-17%,-3%,-21%,0.0,0.0,0.0,0.0,0.0,0.0,0.0,0.0,0.0,0.0,6.5,6.5,0.0,1.5,11.0,0,12.9,12.9,12.9,10.1,15.7,0.0,0.0,0.0,0.0
Tyler Lockett,10,,WR,7500,SEA,@MIA,29.5,SEA by 6.5,10%,5%,20%,0.0,0.0,0.0,0.0,0.0,0.0,0.0,0.2,0.0,0.0,9.7,9.7,8.1,1.3,8.9,14,20.6,20.6,20.6,10.2,31.0,14.7,2.0,4.9,0.7
Ben Roethlisberger,,,QB,7500,PIT,@TEN,24.5,PIT by 2,14%,-2%,5%,36.3,36.3,,4.7,7.1,3.7,3.7,,1.3,0.4,0.0,0.0,,0.0,0.0,,20.2,20.2,20.2,18.5,21.8,0.0,0.0,0.0,0.0
Jonathan Taylor,4,,RB,7500,IND,@CHI,23.0,IND by 2.5,-6%,-3%,8%,0.0,0.0,0.0,0.0,0.0,16.0,16.0,18.8,4.3,3.8,3.0,3.0,2.8,0.7,8.8,35,14.2,14.2,14.2,10.9,17.5,15.2,2.0,8.4,1.1
Jared Goff,5,,QB,7500,LAR,NYG,30.5,LAR by 13,5%,-3%,9%,30.0,30.0,34.3,5.0,9.6,4.3,4.3,3.0,0.7,2.5,0.0,0.0,0.0,0.0,0.0,58,21.2,21.2,21.2,12.5,29.9,20.8,2.8,11.7,1.6
Joe Burrow,5,,QB,7400,CIN,JAX,26.3,CIN by 3,0%,22%,5%,47.0,47.0,36.1,7.7,5.8,5.3,5.3,5.5,1.0,4.0,0.0,0.0,0.0,0.0,0.0,65,20.7,20.7,20.7,17.1,24.4,21.2,2.9,16.1,2.2
Mark Andrews,15,,TE,7400,BAL,@WAS,29.0,BAL by 13,-2%,24%,24%,0.0,0.0,0.0,0.0,0.0,0.0,0.0,0.0,0.0,0.0,5.7,5.7,6.7,2.0,6.4,11,9.1,9.1,9.1,-0.5,18.8,12.0,1.6,19.2,2.6
Gardner Minshew,2,,QB,7400,JAX,@CIN,23.3,CIN by 3,2%,31%,13%,35.7,35.7,35.0,6.0,7.4,4.0,4.0,3.7,0.0,5.0,0.0,0.0,0.0,0.0,0.0,59,18.8,18.8,18.8,11.0,26.6,18.4,2.5,21.9,3.0
Mike Evans,2,Q,WR,7400,TB,LAC,24.8,TB by 7,-17%,-3%,-21%,0.0,0.0,0.0,0.0,0.0,0.0,0.0,0.0,0.0,0.0,6.0,6.0,8.0,1.0,6.0,13,13.3,13.3,13.3,6.7,19.9,13.8,1.9,21.7,2.9
Tom Brady,0,,QB,7300,TB,LAC,24.8,TB by 7,-17%,-3%,-19%,36.3,36.3,35.6,6.3,6.9,3.0,3.0,1.2,0.7,1.0,0.0,0.0,0.0,0.0,0.0,60,18.7,18.7,18.7,10.9,26.5,19.2,2.6,33.5,4.6
Kenny Golladay,7,,WR,7300,DET,NO,25.0,NO by 4,-1%,-26%,6%,0.0,0.0,0.0,0.0,0.0,0.0,0.0,0.0,0.0,0.0,7.0,7.0,8.3,2.0,8.1,13,14.7,14.7,14.7,14.7,14.7,13.6,1.9,14.2,1.9
Cooper Kupp,6,,WR,7200,LAR,NYG,30.5,LAR by 13,5%,-3%,8%,0.0,0.0,0.0,0.0,0.0,0.7,0.7,0.2,0.0,9.5,7.0,7.0,7.9,1.0,10.9,13,12.6,12.6,12.6,4.8,20.4,13.3,1.8,15.2,2.1
JuJu Smith,,,WR,7200,PIT,@TEN,24.5,PIT by 2,14%,-2%,5%,0.0,0.0,,0.0,0.0,0.0,0.0,,0.0,0.0,6.3,6.3,,1.0,8.4,,14.8,14.8,14.8,8.0,21.6,0.0,0.0,0.0,0.0
James Conner,1,,RB,7200,PIT,@TEN,24.5,PIT by 2,14%,-2%,11%,0.0,0.0,,0.0,0.0,13.3,13.3,,2.7,5.6,3.7,3.7,,1.0,5.7,,14.9,14.9,14.9,4.2,25.6,0.0,0.0,0.0,0.0
Ryan Tannehill,,,QB,7200,TEN,PIT,22.5,PIT by 2,-23%,-19%,-24%,34.7,34.7,,4.3,7.8,3.7,3.7,,0.0,3.2,0.3,0.3,,0.0,0.0,,19.8,19.8,19.8,13.0,26.6,0.0,0.0,0.0,0.0
Matthew Stafford,5,,QB,7200,DET,NO,25.0,NO by 4,-1%,-26%,-4%,35.3,35.3,36.1,5.3,7.7,2.3,2.3,2.0,0.3,3.4,0.0,0.0,0.0,0.0,0.0,59,17.6,17.6,17.6,16.8,18.4,19.6,2.7,23.3,3.2
Ryan Fitzpatrick,12,,QB,7100,MIA,SEA,23.0,SEA by 6.5,27%,2%,10%,32.3,32.3,36.0,3.3,7.0,5.0,5.0,4.3,2.0,4.5,0.3,0.3,0.0,0.0,0.0,62,19.2,19.2,19.2,9.9,28.4,19.4,2.7,23.3,3.3
Amari Cooper,17,,WR,7100,DAL,CLE,30.3,DAL by 4.5,-5%,24%,-6%,0.0,0.0,0.0,0.0,0.0,0.0,0.0,0.2,0.0,0.0,11.7,11.7,8.8,0.7,7.6,14,13.1,13.1,13.1,13.0,13.1,14.1,2.0,27.4,3.9
Nick Foles,0,,QB,7100,CHI,IND,20.5,IND by 2.5,-3%,-18%,-3%,29.0,29.0,35.9,7.0,6.5,3.0,3.0,2.7,0.0,-1.0,0.0,0.0,0.0,0.0,0.0,61,18.2,18.2,18.2,18.2,18.2,16.5,2.3,12.9,1.8
Adam Thielen,5,,WR,7100,MIN,@HOU,24.8,HOU by 5,7%,19%,-2%,0.0,0.0,0.0,0.0,0.0,0.3,0.3,0.2,0.0,4.0,7.0,7.0,8.4,0.7,8.1,14,14.5,14.5,14.5,2.3,26.6,13.0,1.8,22.2,3.1
Allen Robinson,3,,WR,7000,CHI,IND,20.5,IND by 2.5,-3%,-18%,9%,0.0,0.0,0.0,0.0,0.0,0.3,0.3,0.1,0.0,-1.0,10.3,10.3,10.5,1.0,7.4,17,12.6,12.6,12.6,3.1,22.2,12.8,1.8,19.6,2.8
Stefon Diggs,9,,WR,7000,BUF,@LV,28.0,BUF by 3,6%,-7%,-5%,0.0,0.0,0.0,0.0,0.0,0.0,0.0,0.4,0.0,0.0,9.3,9.3,8.3,1.7,10.3,15,16.9,16.9,16.9,9.7,24.2,13.5,1.9,14.5,2.1
Baker Mayfield,0,,QB,7000,CLE,@DAL,25.8,DAL by 4.5,-2%,-4%,4%,28.3,28.3,32.9,2.3,6.6,2.0,2.0,1.2,0.0,1.5,0.0,0.0,0.0,0.0,0.0,53,13.8,13.8,13.8,11.1,16.6,17.6,2.5,15.2,2.2
Kenyan Drake,4,,RB,7000,ARI,@CAR,27.3,ARI by 3,6%,24%,50%,0.0,0.0,0.0,0.0,0.0,18.0,18.0,16.9,2.7,4.1,1.7,1.7,4.2,0.0,4.0,34,10.8,10.8,10.8,8.2,13.4,15.3,2.2,3.5,0.5
Mitch Trubisky,,,QB,7000,CHI,IND,20.5,IND by 2.5,-3%,-18%,-3%,28.7,28.7,0.3,5.3,6.5,2.7,2.7,0.1,1.0,10.9,0.0,0.0,0.0,0.0,0.0,1,17.4,17.4,17.4,11.2,23.5,0.2,0.0,0.0,0.0
Derek Carr,0,,QB,6900,LV,BUF,25.0,BUF by 3,-12%,-8%,-18%,33.3,33.3,33.8,5.7,7.8,1.7,1.7,1.6,0.7,2.6,0.0,0.0,0.0,0.0,0.0,59,16.9,16.9,16.9,12.7,21.1,17.0,2.5,20.4,3.0
D.K. Metcalf,11,,WR,6900,SEA,@MIA,29.5,SEA by 6.5,10%,5%,20%,0.0,0.0,0.0,0.0,0.0,0.0,0.0,0.3,0.0,0.0,7.3,7.3,8.0,0.0,13.5,14,17.2,17.2,17.2,17.0,17.5,14.1,2.0,12.6,1.8
Keenan Allen,3,,WR,6900,LAC,@TB,17.8,TB by 7,13%,-36%,29%,0.0,0.0,0.0,0.0,0.0,0.0,0.0,0.1,0.0,0.0,12.3,12.3,10.5,1.7,7.2,17,14.2,14.2,14.2,5.1,23.2,12.7,1.8,10.2,1.5
Austin Ekeler,2,D,RB,6900,LAC,@TB,17.8,TB by 7,13%,-36%,-23%,0.0,0.0,0.0,0.0,0.0,15.7,15.7,12.4,1.7,5.0,5.3,5.3,6.5,0.7,8.9,30,17.3,17.3,17.3,9.0,25.6,15.2,2.2,1.9,0.3
D.J. Chark,0,,WR,6800,JAX,@CIN,23.3,CIN by 3,2%,31%,-4%,0.0,0.0,0.0,0.0,0.0,0.0,0.0,0.3,0.0,0.0,3.5,3.5,7.5,0.5,15.6,12,10.2,10.2,10.2,9.9,10.5,11.1,1.6,25.5,3.8
D.J. Moore,4,,WR,6800,CAR,ARI,24.3,ARI by 3,15%,-3%,4%,0.0,0.0,0.0,0.0,0.0,0.0,0.0,0.8,0.0,0.0,8.7,8.7,9.2,0.3,9.2,17,10.3,10.3,10.3,5.4,15.2,12.9,1.9,6.9,1.0
Kirk Cousins,2,,QB,6800,MIN,@HOU,24.8,HOU by 5,7%,19%,15%,26.0,26.0,32.8,1.7,8.0,2.0,2.0,1.2,0.0,8.0,0.0,0.0,0.0,0.0,0.0,55,15.2,15.2,15.2,3.3,27.1,18.4,2.7,14.9,2.2
Joe Mixon,8,,RB,6800,CIN,JAX,26.3,CIN by 3,0%,22%,29%,0.0,0.0,0.0,0.0,0.0,17.3,17.3,17.1,2.3,3.2,3.0,3.0,3.2,0.0,6.4,32,7.9,7.9,7.9,5.4,10.4,13.9,2.0,39.1,5.8
Teddy Bridgewater,1,,QB,6800,CAR,ARI,24.3,ARI by 3,15%,-3%,17%,34.7,34.7,35.8,5.0,8.4,2.0,2.0,3.2,1.0,6.3,0.0,0.0,0.0,0.0,0.0,66,14.9,14.9,14.9,10.5,19.3,18.5,2.7,27.2,4.0
Justin Herbert,0,,QB,6700,LAC,@TB,17.8,TB by 7,13%,-36%,6%,41.0,41.0,33.5,5.0,7.8,3.5,3.5,3.8,1.0,4.7,0.0,0.0,0.0,0.0,0.0,59,19.5,19.5,19.5,14.1,24.8,14.6,2.2,24.0,3.6
Robert Woods,8,,WR,6700,LAR,NYG,30.5,LAR by 13,5%,-3%,8%,0.0,0.0,0.0,0.0,0.0,2.3,2.3,1.4,0.7,9.0,6.3,6.3,7.9,0.7,10.2,14,14.7,14.7,14.7,10.4,19.0,13.3,2.0,6.7,1.0
David Johnson,5,,RB,6700,HOU,MIN,29.8,HOU by 5,5%,1%,-1%,0.0,0.0,0.0,0.0,0.0,11.7,11.7,15.9,0.7,3.8,3.7,3.7,3.7,0.3,6.5,32,12.0,12.0,12.0,5.8,18.2,13.5,2.0,10.2,1.5
Philip Rivers,0,,QB,6700,IND,@CHI,23.0,IND by 2.5,-6%,-3%,-22%,30.7,30.7,33.4,4.7,8.6,1.7,1.7,0.8,1.0,1.2,0.0,0.0,0.0,0.0,0.0,56,13.8,13.8,13.8,11.1,16.4,16.1,2.4,11.2,1.7
Darren Waller,5,,TE,6700,LV,BUF,25.0,BUF by 3,-12%,-8%,-10%,0.0,0.0,0.0,0.0,0.0,0.0,0.0,0.0,0.0,0.0,9.3,9.3,7.9,1.3,5.6,13,10.6,10.6,10.6,0.0,21.1,11.7,1.7,11.3,1.7
Odell Beckham Jr.,7,,WR,6600,CLE,@DAL,25.8,DAL by 4.5,-2%,-4%,-2%,0.0,0.0,0.0,0.0,0.0,0.0,0.0,0.2,0.0,0.0,7.3,7.3,7.6,0.3,7.0,12,9.0,9.0,9.0,3.1,14.9,12.6,1.9,35.9,5.4
Tyrod Taylor,,Q,QB,6600,LAC,@TB,17.8,TB by 7,13%,-36%,6%,30.0,30.0,0.0,4.0,6.9,6.0,6.0,0.0,0.0,1.2,0.0,0.0,0.0,0.0,0.0,0,9.0,9.0,9.0,9.0,9.0,0.0,0.0,0.0,0.0
Daniel Jones,0,,QB,6600,NYG,@LAR,17.5,LAR by 13,1%,2%,4%,37.7,37.7,34.2,6.7,6.2,4.0,4.0,4.6,0.0,7.7,0.0,0.0,0.0,0.0,0.0,68,12.4,12.4,12.4,6.3,18.4,16.2,2.5,11.1,1.7
James Robinson,13,,RB,6600,JAX,@CIN,23.3,CIN by 3,2%,31%,6%,0.0,0.0,0.0,0.0,0.0,14.3,14.3,17.0,1.7,4.9,3.7,3.7,3.0,0.3,11.7,31,19.0,19.0,19.0,9.8,28.2,14.7,2.2,12.7,1.9
Terry McLaurin,0,,WR,6600,WAS,BAL,16.0,BAL by 13,-13%,-12%,-9%,0.0,0.0,0.0,0.0,0.0,0.3,0.3,0.1,0.3,3.0,8.3,8.3,8.9,1.0,10.8,15,13.7,13.7,13.7,6.5,21.0,11.4,1.7,16.8,2.5
Dwayne Haskins,0,,QB,6500,WAS,BAL,16.0,BAL by 13,-13%,-12%,-25%,33.7,33.7,34.5,4.7,6.2,3.3,3.3,3.4,1.7,2.7,0.0,0.0,0.0,0.0,0.0,63,12.2,12.2,12.2,11.7,12.8,14.3,2.2,18.9,2.9
Mark Ingram,2,,RB,6500,BAL,@WAS,29.0,BAL by 13,-2%,24%,23%,0.0,0.0,0.0,0.0,0.0,8.7,8.7,10.3,1.7,4.4,1.3,1.3,1.8,0.7,5.5,19,6.9,6.9,6.9,0.1,13.7,10.2,1.6,10.2,1.6
A.J. Brown,,Q,WR,6500,TEN,PIT,22.5,PIT by 2,-23%,-19%,-16%,0.0,0.0,,0.0,0.0,0.0,0.0,,0.0,0.0,8.0,8.0,,1.0,4.9,,6.4,6.4,6.4,6.4,6.4,0.0,0.0,0.0,0.0
DeVante Parker,5,,WR,6500,MIA,SEA,23.0,SEA by 6.5,27%,2%,23%,0.0,0.0,0.0,0.0,0.0,0.0,0.0,0.0,0.0,0.0,5.7,5.7,8.1,0.3,9.9,12,10.0,10.0,10.0,6.4,13.6,12.6,1.9,16.0,2.5
Darrell Henderson,9,,RB,6400,LAR,NYG,30.5,LAR by 13,5%,-3%,6%,0.0,0.0,0.0,0.0,0.0,11.7,11.7,17.1,3.3,5.7,2.0,2.0,2.0,0.3,7.7,30,12.7,12.7,12.7,2.2,23.2,14.4,2.3,4.3,0.7
Marquise Brown,2,,WR,6300,BAL,@WAS,29.0,BAL by 13,-2%,24%,-10%,0.0,0.0,0.0,0.0,0.0,0.0,0.0,0.3,0.0,0.0,6.0,6.0,6.3,0.0,8.7,10,7.2,7.2,7.2,2.0,12.4,10.8,1.7,10.6,1.7
Mike Davis,7,,RB,6300,CAR,ARI,24.3,ARI by 3,15%,-3%,8%,0.0,0.0,0.0,0.0,0.0,4.7,4.7,15.1,1.0,3.4,5.7,5.7,5.2,1.7,7.0,35,10.2,10.2,10.2,0.6,19.8,14.2,2.3,19.6,3.1
Jared Cook,,Q,TE,6300,NO,@DET,29.0,NO by 4,18%,8%,4%,0.0,0.0,0.0,0.0,0.0,0.0,0.0,0.0,0.0,0.0,5.0,5.0,0.0,1.0,7.6,0,7.3,7.3,7.3,3.5,11.1,0.0,0.0,0.0,0.0
AJ McCarron,,,QB,6200,HOU,MIN,29.8,HOU by 5,5%,1%,-15%,0.0,0.0,0.2,0.0,0.0,0.0,0.0,0.0,0.0,0.0,0.0,0.0,0.0,0.0,0.0,0,0.0,0.0,0.0,0.0,0.0,0.0,0.0,0.0,0.0
Robbie Anderson,3,,WR,6200,CAR,ARI,24.3,ARI by 3,15%,-3%,4%,0.0,0.0,0.0,0.0,0.0,0.0,0.0,0.0,0.0,0.0,8.0,8.0,7.7,1.3,11.6,13,14.6,14.6,14.6,7.3,22.0,11.5,1.9,13.9,2.2
Diontae Johnson,,Q,WR,6200,PIT,@TEN,24.5,PIT by 2,14%,-2%,5%,0.0,0.0,,0.0,0.0,0.3,0.3,,0.3,9.0,8.3,8.3,,0.3,6.0,,8.9,8.9,8.9,-0.4,18.3,0.0,0.0,0.0,0.0
Hunter Henry,0,,TE,6100,LAC,@TB,17.8,TB by 7,13%,-36%,-4%,0.0,0.0,0.0,0.0,0.0,0.0,0.0,0.0,0.0,0.0,7.7,7.7,6.8,0.7,9.0,11,9.5,9.5,9.5,7.6,11.4,9.3,1.5,4.9,0.8
John Brown,0,,WR,6100,BUF,@LV,28.0,BUF by 3,6%,-7%,-5%,0.0,0.0,0.0,0.0,0.0,0.0,0.0,0.2,0.0,0.0,6.0,6.0,6.8,1.0,8.4,12,10.7,10.7,10.7,1.4,20.0,10.5,1.7,6.2,1.0
Tua Tagovailoa,,,QB,6100,MIA,SEA,23.0,SEA by 6.5,27%,2%,10%,0.0,0.0,0.4,0.0,0.0,0.0,0.0,0.0,0.0,0.0,0.0,0.0,0.0,0.0,0.0,1,0.0,0.0,0.0,0.0,0.0,0.1,0.0,0.0,0.0
William Fuller,5,,WR,6100,HOU,MIN,29.8,HOU by 5,5%,1%,16%,0.0,0.0,0.0,0.0,0.0,0.3,0.3,0.0,0.0,0.0,5.0,5.0,7.2,0.7,11.1,12,9.5,9.5,9.5,1.2,17.8,11.9,2.0,19.8,3.2
Marcus Mariota,,O,QB,6000,LV,BUF,25.0,BUF by 3,-12%,-8%,-18%,0.0,0.0,0.2,0.0,0.0,0.0,0.0,0.0,0.0,0.0,0.0,0.0,0.0,0.0,0.0,0,0.0,0.0,0.0,0.0,0.0,0.0,0.0,0.0,0.0
Jake Fromm,,,QB,6000,BUF,@LV,28.0,BUF by 3,6%,-7%,12%,0.0,0.0,0.0,0.0,0.0,0.0,0.0,0.0,0.0,0.0,0.0,0.0,0.0,0.0,0.0,0,0.0,0.0,0.0,0.0,0.0,0.0,0.0,0.0,0.0
Tyler Huntley,,,QB,6000,BAL,@WAS,29.0,BAL by 13,-2%,24%,9%,0.0,0.0,0.0,0.0,0.0,0.0,0.0,0.0,0.0,0.0,0.0,0.0,0.0,0.0,0.0,0,0.0,0.0,0.0,0.0,0.0,0.0,0.0,0.0,0.0
Mason Rudolph,,,QB,6000,PIT,@TEN,24.5,PIT by 2,14%,-2%,5%,0.0,0.0,,0.0,0.0,0.0,0.0,,0.0,0.0,0.0,0.0,,0.0,0.0,,0.0,0.0,0.0,0.0,0.0,0.0,0.0,0.0,0.0
Kyle Allen,,,QB,6000,WAS,BAL,16.0,BAL by 13,-13%,-12%,-25%,0.0,0.0,0.4,0.0,0.0,0.0,0.0,0.0,0.0,0.0,0.0,0.0,0.0,0.0,0.0,1,0.0,0.0,0.0,0.0,0.0,0.1,0.0,0.0,0.0
Jake Luton,,,QB,6000,JAX,@CIN,23.3,CIN by 3,2%,31%,13%,0.0,0.0,0.0,0.0,0.0,0.0,0.0,0.0,0.0,0.0,0.0,0.0,0.0,0.0,0.0,0,0.0,0.0,0.0,0.0,0.0,0.0,0.0,0.0,0.0
Brandon Allen,,,QB,6000,CIN,JAX,26.3,CIN by 3,0%,22%,5%,0.0,0.0,0.0,0.0,0.0,0.0,0.0,0.0,0.0,0.0,0.0,0.0,0.0,0.0,0.0,0,0.0,0.0,0.0,0.0,0.0,0.0,0.0,0.0,0.0
Cole McDonald,,,QB,6000,TEN,PIT,22.5,PIT by 2,-23%,-19%,-24%,0.0,0.0,,0.0,0.0,0.0,0.0,,0.0,0.0,0.0,0.0,,0.0,0.0,,0.0,0.0,0.0,0.0,0.0,0.0,0.0,0.0,0.0
Anthony Gordon,,,QB,6000,SEA,@MIA,29.5,SEA by 6.5,10%,5%,17%,0.0,0.0,0.0,0.0,0.0,0.0,0.0,0.0,0.0,0.0,0.0,0.0,0.0,0.0,0.0,0,0.0,0.0,0.0,0.0,0.0,0.0,0.0,0.0,0.0
Ryan Griffin,,,QB,6000,TB,LAC,24.8,TB by 7,-17%,-3%,-19%,0.0,0.0,0.0,0.0,0.0,0.0,0.0,0.0,0.0,0.0,0.0,0.0,0.0,0.0,0.0,0,0.0,0.0,0.0,0.0,0.0,0.0,0.0,0.0,0.0
Paxton Lynch,,,QB,6000,PIT,@TEN,24.5,PIT by 2,14%,-2%,5%,0.0,0.0,,0.0,0.0,0.0,0.0,,0.0,0.0,0.0,0.0,,0.0,0.0,,0.0,0.0,0.0,0.0,0.0,0.0,0.0,0.0,0.0
Chris Streveler,,,QB,6000,ARI,@CAR,27.3,ARI by 3,6%,24%,-5%,0.0,0.0,0.0,0.0,0.0,0.3,0.3,0.0,0.0,3.0,0.0,0.0,0.0,0.0,0.0,0,0.1,0.1,0.1,-0.1,0.3,0.0,0.0,0.0,0.0
Danny Etling,,,QB,6000,SEA,@MIA,29.5,SEA by 6.5,10%,5%,17%,0.0,0.0,0.0,0.0,0.0,0.0,0.0,0.0,0.0,0.0,0.0,0.0,0.0,0.0,0.0,0,0.0,0.0,0.0,0.0,0.0,0.0,0.0,0.0,0.0
Tyler Boyd,4,,WR,6000,CIN,JAX,26.3,CIN by 3,0%,22%,-12%,0.0,0.0,0.0,0.0,0.0,0.0,0.0,0.3,0.0,0.0,8.7,8.7,8.5,0.7,8.8,14,13.2,13.2,13.2,6.3,20.0,12.0,2.0,12.9,2.1
Davis Webb,,,QB,6000,BUF,@LV,28.0,BUF by 3,6%,-7%,12%,0.0,0.0,0.0,0.0,0.0,0.0,0.0,0.0,0.0,0.0,0.0,0.0,0.0,0.0,0.0,0,0.0,0.0,0.0,0.0,0.0,0.0,0.0,0.0,0.0
Jacoby Brissett,,,QB,6000,IND,@CHI,23.0,IND by 2.5,-6%,-3%,-22%,2.0,2.0,0.2,0.0,4.3,1.0,1.0,0.1,0.0,0.0,0.0,0.0,0.0,0.0,0.0,0,0.3,0.3,0.3,-0.1,0.8,0.1,0.0,0.0,0.0
Brett Hundley,,,QB,6000,ARI,@CAR,27.3,ARI by 3,6%,24%,-5%,0.0,0.0,0.0,0.0,0.0,0.0,0.0,0.0,0.0,0.0,0.0,0.0,0.0,0.0,0.0,0,0.0,0.0,0.0,0.0,0.0,0.0,0.0,0.0,0.0
Devin Singletary,2,,RB,6000,BUF,@LV,28.0,BUF by 3,6%,-7%,17%,0.0,0.0,0.0,0.0,0.0,10.7,10.7,12.6,2.7,4.9,5.0,5.0,3.6,1.0,6.2,27,10.2,10.2,10.2,6.7,13.6,11.9,2.0,16.1,2.7
Sean Mannion,,,QB,6000,MIN,@HOU,24.8,HOU by 5,7%,19%,15%,0.0,0.0,0.2,0.0,0.0,0.0,0.0,0.0,0.0,0.0,0.0,0.0,0.0,0.0,0.0,0,0.0,0.0,0.0,0.0,0.0,0.0,0.0,0.0,0.0
Matt Barkley,,,QB,6000,BUF,@LV,28.0,BUF by 3,6%,-7%,12%,0.0,0.0,0.2,0.0,0.0,0.0,0.0,0.0,0.0,0.0,0.0,0.0,0.0,0.0,0.0,0,0.0,0.0,0.0,0.0,0.0,0.1,0.0,0.0,0.0
Will Grier,,,QB,6000,CAR,ARI,24.3,ARI by 3,15%,-3%,17%,0.0,0.0,0.0,0.0,0.0,0.0,0.0,0.0,0.0,0.0,0.0,0.0,0.0,0.0,0.0,0,0.0,0.0,0.0,0.0,0.0,0.0,0.0,0.0,0.0
Nathan Peterman,,,QB,6000,LV,BUF,25.0,BUF by 3,-12%,-8%,-18%,0.0,0.0,0.0,0.0,0.0,0.0,0.0,0.0,0.0,0.0,0.0,0.0,0.0,0.0,0.0,0,0.0,0.0,0.0,0.0,0.0,0.0,0.0,0.0,0.0
Garrett Gilbert,,,QB,6000,CLE,@DAL,25.8,DAL by 4.5,-2%,-4%,4%,0.0,0.0,0.0,0.0,0.0,0.0,0.0,0.0,0.0,0.0,0.0,0.0,0.0,0.0,0.0,0,0.0,0.0,0.0,0.0,0.0,0.0,0.0,0.0,0.0
Cooper Rush,,,QB,6000,NYG,@LAR,17.5,LAR by 13,1%,2%,4%,0.0,0.0,0.0,0.0,0.0,0.0,0.0,0.0,0.0,0.0,0.0,0.0,0.0,0.0,0.0,0,0.0,0.0,0.0,0.0,0.0,0.0,0.0,0.0,0.0
Logan Woodside,,,QB,6000,TEN,PIT,22.5,PIT by 2,-23%,-19%,-24%,0.0,0.0,,0.0,0.0,0.0,0.0,,0.0,0.0,0.0,0.0,,0.0,0.0,,0.0,0.0,0.0,0.0,0.0,0.0,0.0,0.0,0.0
Ryan Finley,,,QB,6000,CIN,JAX,26.3,CIN by 3,0%,22%,5%,0.0,0.0,0.2,0.0,0.0,0.0,0.0,0.0,0.0,0.0,0.0,0.0,0.0,0.0,0.0,0,0.0,0.0,0.0,0.0,0.0,0.1,0.0,0.0,0.0
Tyler Bray,,,QB,6000,CHI,IND,20.5,IND by 2.5,-3%,-18%,-3%,0.0,0.0,0.0,0.0,0.0,0.0,0.0,0.0,0.0,0.0,0.0,0.0,0.0,0.0,0.0,0,0.0,0.0,0.0,0.0,0.0,0.0,0.0,0.0,0.0
Tyler Higbee,3,,TE,6000,LAR,NYG,30.5,LAR by 13,5%,-3%,-6%,0.0,0.0,0.0,0.0,0.0,0.0,0.0,0.0,0.0,0.0,3.7,3.7,5.0,0.7,12.2,8,12.8,12.8,12.8,1.4,24.2,9.4,1.6,3.6,0.6
David Blough,,,QB,6000,DET,NO,25.0,NO by 4,-1%,-26%,-4%,0.0,0.0,1.4,0.0,0.0,0.0,0.0,0.3,0.0,0.0,0.0,0.0,0.0,0.0,0.0,3,0.0,0.0,0.0,0.0,0.0,0.9,0.2,0.0,0.0
Bryce Perkins,,,QB,6000,LAR,NYG,30.5,LAR by 13,5%,-3%,9%,0.0,0.0,0.0,0.0,0.0,0.0,0.0,0.0,0.0,0.0,0.0,0.0,0.0,0.0,0.0,0,0.0,0.0,0.0,0.0,0.0,0.0,0.0,0.0,0.0
Darius Bradwell,,,QB,6000,LAC,@TB,17.8,TB by 7,13%,-36%,6%,0.0,0.0,0.0,0.0,0.0,0.0,0.0,0.0,0.0,0.0,0.0,0.0,0.0,0.0,0.0,0,0.0,0.0,0.0,0.0,0.0,0.0,0.0,0.0,0.0
DeShone Kizer,,,QB,6000,LV,BUF,25.0,BUF by 3,-12%,-8%,-18%,0.0,0.0,0.0,0.0,0.0,0.0,0.0,0.0,0.0,0.0,0.0,0.0,0.0,0.0,0.0,0,0.0,0.0,0.0,0.0,0.0,0.0,0.0,0.0,0.0
Jake Browning,,,QB,6000,MIN,@HOU,24.8,HOU by 5,7%,19%,15%,0.0,0.0,0.0,0.0,0.0,0.0,0.0,0.0,0.0,0.0,0.0,0.0,0.0,0.0,0.0,0,0.0,0.0,0.0,0.0,0.0,0.0,0.0,0.0,0.0
Andy Dalton,,,QB,6000,DAL,CLE,30.3,DAL by 4.5,-5%,24%,11%,1.0,1.0,0.4,1.0,0.0,0.0,0.0,0.1,0.0,0.0,0.0,0.0,0.0,0.0,0.0,1,0.0,0.0,0.0,0.0,0.0,0.1,0.0,0.0,0.0
Blaine Gabbert,,,QB,6000,TB,LAC,24.8,TB by 7,-17%,-3%,-19%,0.0,0.0,0.2,0.0,0.0,0.0,0.0,0.1,0.0,0.0,0.0,0.0,0.0,0.0,0.0,0,0.0,0.0,0.0,0.0,0.0,0.1,0.0,0.0,0.0
Trace McSorley,,,QB,6000,BAL,@WAS,29.0,BAL by 13,-2%,24%,9%,0.0,0.0,0.0,0.0,0.0,0.0,0.0,0.0,0.0,0.0,0.0,0.0,0.0,0.0,0.0,0,0.0,0.0,0.0,0.0,0.0,0.0,0.0,0.0,0.0
Case Keenum,,,QB,6000,CLE,@DAL,25.8,DAL by 4.5,-2%,-4%,4%,0.0,0.0,0.2,0.0,0.0,0.0,0.0,0.0,0.0,0.0,0.0,0.0,0.0,0.0,0.0,0,0.0,0.0,0.0,0.0,0.0,0.1,0.0,0.0,0.0
Alex Tanney,,,QB,6000,NYG,@LAR,17.5,LAR by 13,1%,2%,4%,0.0,0.0,0.0,0.0,0.0,0.0,0.0,0.0,0.0,0.0,0.0,0.0,0.0,0.0,0.0,0,0.0,0.0,0.0,0.0,0.0,0.0,0.0,0.0,0.0
John Wolford,,,QB,6000,LAR,NYG,30.5,LAR by 13,5%,-3%,9%,0.0,0.0,0.1,0.0,0.0,0.0,0.0,0.0,0.0,0.0,0.0,0.0,0.0,0.0,0.0,0,0.0,0.0,0.0,0.0,0.0,0.1,0.0,0.0,0.0
Marvin Jones,3,,WR,6000,DET,NO,25.0,NO by 4,-1%,-26%,6%,0.0,0.0,0.0,0.0,0.0,0.0,0.0,0.0,0.0,0.0,5.7,5.7,6.8,1.0,7.6,11,8.1,8.1,8.1,6.2,10.1,10.8,1.8,1.4,0.2
Robert Griffin III,,,QB,6000,BAL,@WAS,29.0,BAL by 13,-2%,24%,9%,1.0,1.0,0.2,0.0,9.0,1.0,1.0,0.3,0.0,-1.0,0.0,0.0,0.0,0.0,0.0,1,0.3,0.3,0.3,0.3,0.3,0.1,0.0,-0.7,-0.1
Ben DiNucci,,,QB,6000,DAL,CLE,30.3,DAL by 4.5,-5%,24%,11%,0.0,0.0,0.0,0.0,0.0,0.0,0.0,0.0,0.0,0.0,0.0,0.0,0.0,0.0,0.0,0,0.0,0.0,0.0,0.0,0.0,0.0,0.0,0.0,0.0
Case Cookus,,,QB,6000,NYG,@LAR,17.5,LAR by 13,1%,2%,4%,0.0,0.0,0.0,0.0,0.0,0.0,0.0,0.0,0.0,0.0,0.0,0.0,0.0,0.0,0.0,0,0.0,0.0,0.0,0.0,0.0,0.0,0.0,0.0,0.0
Colt McCoy,,,QB,6000,NYG,@LAR,17.5,LAR by 13,1%,2%,4%,0.0,0.0,0.2,0.0,0.0,0.0,0.0,0.0,0.0,0.0,0.0,0.0,0.0,0.0,0.0,0,0.0,0.0,0.0,0.0,0.0,0.1,0.0,0.0,0.0
Chase Daniel,,,QB,6000,DET,NO,25.0,NO by 4,-1%,-26%,-4%,0.0,0.0,0.2,0.0,0.0,0.0,0.0,0.0,0.0,0.0,0.0,0.0,0.0,0.0,0.0,0,0.0,0.0,0.0,0.0,0.0,0.1,0.0,0.0,0.0
Alex Smith,,,QB,6000,WAS,BAL,16.0,BAL by 13,-13%,-12%,-25%,0.0,0.0,0.0,0.0,0.0,0.0,0.0,0.0,0.0,0.0,0.0,0.0,0.0,0.0,0.0,0,0.0,0.0,0.0,0.0,0.0,0.0,0.0,0.0,0.0
Steven Montez,,,QB,6000,WAS,BAL,16.0,BAL by 13,-13%,-12%,-25%,0.0,0.0,0.0,0.0,0.0,0.0,0.0,0.0,0.0,0.0,0.0,0.0,0.0,0.0,0.0,0,0.0,0.0,0.0,0.0,0.0,0.0,0.0,0.0,0.0
Josh Love,,,QB,6000,LAR,NYG,30.5,LAR by 13,5%,-3%,9%,0.0,0.0,0.0,0.0,0.0,0.0,0.0,0.0,0.0,0.0,0.0,0.0,0.0,0.0,0.0,0,0.0,0.0,0.0,0.0,0.0,0.0,0.0,0.0,0.0
Tommy Stevens,,,QB,6000,NO,@DET,29.0,NO by 4,18%,8%,19%,0.0,0.0,0.0,0.0,0.0,0.0,0.0,0.0,0.0,0.0,0.0,0.0,0.0,0.0,0.0,0,0.0,0.0,0.0,0.0,0.0,0.0,0.0,0.0,0.0
Chad Kelly,,,QB,6000,IND,@CHI,23.0,IND by 2.5,-6%,-3%,-22%,0.0,0.0,0.0,0.0,0.0,0.0,0.0,0.0,0.0,0.0,0.0,0.0,0.0,0.0,0.0,0,0.0,0.0,0.0,0.0,0.0,0.0,0.0,0.0,0.0
Alex McGough,,,QB,6000,HOU,MIN,29.8,HOU by 5,5%,1%,-15%,0.0,0.0,0.0,0.0,0.0,0.0,0.0,0.0,0.0,0.0,0.0,0.0,0.0,0.0,0.0,0,0.0,0.0,0.0,0.0,0.0,0.0,0.0,0.0,0.0
Mike Glennon,,,QB,6000,JAX,@CIN,23.3,CIN by 3,2%,31%,13%,0.0,0.0,0.0,0.0,0.0,0.0,0.0,0.0,0.0,0.0,0.0,0.0,0.0,0.0,0.0,0,0.0,0.0,0.0,0.0,0.0,0.1,0.0,0.0,0.0
Christian McCaffrey,,O,RB,6000,CAR,ARI,24.3,ARI by 3,15%,-3%,8%,0.0,0.0,0.0,0.0,0.0,20.5,20.5,0.0,6.0,3.8,4.5,4.5,0.0,0.0,7.4,0,24.9,24.9,24.9,22.0,27.7,0.0,0.0,0.0,0.0
Geno Smith,,,QB,6000,SEA,@MIA,29.5,SEA by 6.5,10%,5%,17%,0.0,0.0,0.2,0.0,0.0,0.0,0.0,0.0,0.0,0.0,0.0,0.0,0.0,0.0,0.0,0,0.0,0.0,0.0,0.0,0.0,0.0,0.0,0.0,0.0
Easton Stick,,,QB,6000,LAC,@TB,17.8,TB by 7,13%,-36%,6%,0.0,0.0,0.0,0.0,0.0,0.0,0.0,0.0,0.0,0.0,0.0,0.0,0.0,0.0,0.0,0,0.0,0.0,0.0,0.0,0.0,0.0,0.0,0.0,0.0
Jameis Winston,,,QB,6000,NO,@DET,29.0,NO by 4,18%,8%,19%,0.0,0.0,0.2,0.0,0.0,0.0,0.0,0.1,0.0,0.0,0.0,0.0,0.0,0.0,0.0,0,0.0,0.0,0.0,0.0,0.0,0.1,0.0,0.0,0.0
Jacob Eason,,,QB,6000,IND,@CHI,23.0,IND by 2.5,-6%,-3%,-22%,0.0,0.0,0.0,0.0,0.0,0.0,0.0,0.0,0.0,0.0,0.0,0.0,0.0,0.0,0.0,0,0.0,0.0,0.0,0.0,0.0,0.0,0.0,0.0,0.0
Devlin Hodges,,,QB,6000,PIT,@TEN,24.5,PIT by 2,14%,-2%,5%,0.0,0.0,,0.0,0.0,0.0,0.0,,0.0,0.0,0.0,0.0,,0.0,0.0,,0.0,0.0,0.0,0.0,0.0,0.0,0.0,0.0,0.0
Kareem Hunt,4,,RB,5900,CLE,@DAL,25.8,DAL by 4.5,-2%,-4%,-7%,0.0,0.0,0.0,0.0,0.0,13.0,13.0,10.4,3.7,5.2,3.7,3.7,3.4,0.7,3.8,22,15.5,15.5,15.5,8.8,22.3,12.0,2.0,19.1,3.2
T.Y. Hilton,1,,WR,5900,IND,@CHI,23.0,IND by 2.5,-6%,-3%,-20%,0.0,0.0,0.0,0.0,0.0,0.0,0.0,0.1,0.0,0.0,5.7,5.7,7.3,0.3,7.8,12,6.1,6.1,6.1,4.5,7.7,10.5,1.8,4.4,0.7
Michael Gallup,4,,WR,5900,DAL,CLE,30.3,DAL by 4.5,-5%,24%,-6%,0.0,0.0,0.0,0.0,0.0,0.0,0.0,0.0,0.0,0.0,6.3,6.3,7.3,0.0,12.9,11,12.0,12.0,12.0,2.7,21.4,11.1,1.9,3.9,0.7
Mike Williams,,Q,WR,5800,LAC,@TB,17.8,TB by 7,13%,-36%,29%,0.0,0.0,0.0,0.0,0.0,0.0,0.0,0.0,0.0,0.0,4.7,4.7,0.0,0.3,7.1,0,4.5,4.5,4.5,0.7,8.3,0.0,0.0,0.0,0.0
David Montgomery,1,,RB,5800,CHI,IND,20.5,IND by 2.5,-3%,-18%,-22%,0.0,0.0,0.0,0.0,0.0,14.3,14.3,16.8,0.7,4.4,3.0,3.0,2.8,0.7,7.1,31,11.5,11.5,11.5,3.9,19.1,12.8,2.2,9.2,1.6
Emmanuel Sanders,0,,WR,5800,NO,@DET,29.0,NO by 4,18%,8%,21%,0.0,0.0,0.0,0.0,0.0,0.0,0.0,0.0,0.0,0.0,4.3,4.3,5.8,1.7,6.8,10,8.3,8.3,8.3,2.6,14.0,9.3,1.6,12.3,2.1
Jonnu Smith,,,TE,5800,TEN,PIT,22.5,PIT by 2,-23%,-19%,-12%,0.0,0.0,,0.0,0.0,0.0,0.0,,0.0,0.0,6.7,6.7,,1.3,9.1,,14.2,14.2,14.2,6.9,21.5,0.0,0.0,0.0,0.0
J.K. Dobbins,0,,RB,5700,BAL,@WAS,29.0,BAL by 13,-2%,24%,23%,0.0,0.0,0.0,0.0,0.0,3.3,3.3,5.6,0.7,7.6,1.7,1.7,2.3,0.0,10.2,12,9.1,9.1,9.1,4.6,13.5,7.5,1.3,2.2,0.4
A.J. Green,1,,WR,5700,CIN,JAX,26.3,CIN by 3,0%,22%,-12%,0.0,0.0,0.0,0.0,0.0,0.0,0.0,0.0,0.0,0.0,9.3,9.3,7.9,0.7,4.1,12,6.0,6.0,6.0,4.4,7.6,10.7,1.9,0.8,0.1
Mike Gesicki,9,,TE,5700,MIA,SEA,23.0,SEA by 6.5,27%,2%,13%,0.0,0.0,0.0,0.0,0.0,0.0,0.0,0.0,0.0,0.0,6.3,6.3,6.5,1.7,9.2,10,11.8,11.8,11.8,2.0,21.7,9.4,1.6,2.0,0.4
Carlos Hyde,0,Q,RB,5700,SEA,@MIA,29.5,SEA by 6.5,10%,5%,6%,0.0,0.0,0.0,0.0,0.0,5.3,5.3,0.0,0.3,3.6,1.0,1.0,0.0,0.0,8.7,0,5.3,5.3,5.3,2.5,8.1,0.0,0.0,0.0,0.0
Jarvis Landry,3,,WR,5700,CLE,@DAL,25.8,DAL by 4.5,-2%,-4%,-2%,0.0,0.0,0.0,0.0,0.0,0.0,0.0,0.2,0.0,0.0,4.3,4.3,7.5,0.0,11.0,12,6.8,6.8,6.8,5.2,8.4,10.5,1.8,12.8,2.2
Ronald Jones,2,,RB,5600,TB,LAC,24.8,TB by 7,-17%,-3%,1%,0.0,0.0,0.0,0.0,0.0,12.3,12.3,17.4,2.7,3.8,3.0,3.0,3.2,0.7,4.4,34,9.1,9.1,9.1,8.4,9.8,13.4,2.4,15.8,2.8
Evan Engram,1,,TE,5600,NYG,@LAR,17.5,LAR by 13,1%,2%,13%,0.0,0.0,0.0,0.0,0.0,0.0,0.0,0.1,0.0,0.0,6.7,6.7,6.4,1.0,4.8,11,5.0,5.0,5.0,1.1,9.0,8.7,1.6,6.5,1.2
CeeDee Lamb,8,,WR,5600,DAL,CLE,30.3,DAL by 4.5,-5%,24%,-6%,0.0,0.0,0.0,0.0,0.0,0.7,0.7,0.1,0.0,5.0,7.0,7.0,6.3,0.7,11.0,10,10.7,10.7,10.7,7.3,14.0,10.5,1.9,22.7,4.1
Keelan Cole,0,,WR,5600,JAX,@CIN,23.3,CIN by 3,2%,31%,-4%,0.0,0.0,0.0,0.0,0.0,0.0,0.0,0.2,0.0,0.0,5.7,5.7,5.3,0.3,8.7,8,11.4,11.4,11.4,6.9,16.0,8.5,1.5,6.6,1.2
Antonio Gibson,0,,RB,5500,WAS,BAL,16.0,BAL by 13,-13%,-12%,-22%,0.0,0.0,0.0,0.0,0.0,10.3,10.3,11.6,1.7,4.5,2.3,2.3,2.8,0.0,2.3,24,9.5,9.5,9.5,6.0,13.1,9.4,1.7,20.8,3.8
Preston Williams,0,,WR,5500,MIA,SEA,23.0,SEA by 6.5,27%,2%,23%,0.0,0.0,0.0,0.0,0.0,0.0,0.0,0.0,0.0,0.0,4.7,4.7,7.0,1.0,5.3,11,6.0,6.0,6.0,4.5,7.5,9.3,1.7,4.0,0.7
Darius Slayton,0,,WR,5500,NYG,@LAR,17.5,LAR by 13,1%,2%,2%,0.0,0.0,0.0,0.0,0.0,0.0,0.0,0.0,0.0,0.0,7.3,7.3,7.1,1.3,8.5,12,11.6,11.6,11.6,-0.2,23.4,9.9,1.8,6.3,1.1
Corey Davis,,,WR,5500,TEN,PIT,22.5,PIT by 2,-23%,-19%,-16%,0.0,0.0,,0.0,0.0,0.0,0.0,,0.0,0.0,6.3,6.3,,0.3,10.8,,11.4,11.4,11.4,9.3,13.5,0.0,0.0,0.0,0.0
Anthony Miller,0,,WR,5500,CHI,IND,20.5,IND by 2.5,-3%,-18%,9%,0.0,0.0,0.0,0.0,0.0,0.3,0.3,0.3,0.0,9.0,4.7,4.7,6.0,1.3,8.4,10,9.2,9.2,9.2,1.0,17.4,7.8,1.4,3.1,0.6
Adrian Peterson,0,,RB,5500,DET,NO,25.0,NO by 4,-1%,-26%,-18%,0.0,0.0,0.0,0.0,0.0,14.3,14.3,13.2,3.0,4.9,1.3,1.3,0.7,0.0,7.8,22,8.7,8.7,8.7,4.3,13.1,8.4,1.5,9.6,1.7
Alexander Mattison,0,,RB,5500,MIN,@HOU,24.8,HOU by 5,7%,19%,23%,0.0,0.0,0.0,0.0,0.0,5.7,5.7,7.2,1.3,5.3,2.0,2.0,1.0,0.0,5.5,13,4.9,4.9,4.9,0.5,9.3,6.7,1.2,7.7,1.4
Leonard Fournette,,Q,RB,5500,TB,LAC,24.8,TB by 7,-17%,-3%,1%,0.0,0.0,0.0,0.0,0.0,8.0,8.0,0.0,1.7,5.1,2.7,2.7,0.0,0.7,4.3,0,10.4,10.4,10.4,-2.8,23.6,0.0,0.0,0.0,0.0
Sterling Shepard,,O,WR,5400,NYG,@LAR,17.5,LAR by 13,1%,2%,2%,0.0,0.0,0.0,0.0,0.0,0.5,0.5,0.0,0.0,6.0,5.0,5.0,0.0,0.5,7.6,0,6.1,6.1,6.1,3.8,8.4,0.0,0.0,0.0,0.0
T.J. Hockenson,10,,TE,5400,DET,NO,25.0,NO by 4,-1%,-26%,15%,0.0,0.0,0.0,0.0,0.0,0.0,0.0,0.0,0.0,0.0,5.3,5.3,6.6,0.7,10.7,10,9.9,9.9,9.9,6.2,13.6,9.6,1.8,9.9,1.8
Cam Akers,,Q,RB,5400,LAR,NYG,30.5,LAR by 13,5%,-3%,6%,0.0,0.0,0.0,0.0,0.0,8.5,8.5,0.0,1.0,3.1,0.5,0.5,0.0,0.0,4.0,0,3.1,3.1,3.1,0.6,5.5,0.0,0.0,0.0,0.0
Christian Kirk,0,,WR,5400,ARI,@CAR,27.3,ARI by 3,6%,24%,7%,0.0,0.0,0.0,0.0,0.0,0.5,0.5,0.3,0.0,3.0,4.5,4.5,5.8,0.0,6.3,10,3.8,3.8,3.8,-0.8,8.3,7.8,1.4,9.4,1.7
Justin Jefferson,3,,WR,5400,MIN,@HOU,24.8,HOU by 5,7%,19%,-2%,0.0,0.0,0.0,0.0,0.0,0.0,0.0,0.0,0.0,0.0,5.0,5.0,6.5,0.3,16.3,11,12.2,12.2,12.2,-0.7,25.1,10.1,1.9,12.3,2.3
Randall Cobb,3,,WR,5400,HOU,MIN,29.8,HOU by 5,5%,1%,16%,0.0,0.0,0.0,0.0,0.0,0.0,0.0,0.2,0.0,0.0,4.3,4.3,5.6,0.3,13.6,10,9.7,9.7,9.7,2.5,16.9,8.7,1.6,4.6,0.9
Devonta Freeman,0,,RB,5400,NYG,@LAR,17.5,LAR by 13,1%,2%,-1%,0.0,0.0,0.0,0.0,0.0,5.0,5.0,9.9,0.0,2.0,0.0,0.0,2.4,0.0,0.0,21,1.0,1.0,1.0,1.0,1.0,8.0,1.5,8.8,1.6
Myles Gaskin,0,,RB,5400,MIA,SEA,23.0,SEA by 6.5,27%,2%,-2%,0.0,0.0,0.0,0.0,0.0,12.7,12.7,12.1,3.7,4.0,5.3,5.3,4.8,0.0,5.7,26,10.6,10.6,10.6,8.8,12.4,11.4,2.1,7.7,1.4
Golden Tate,0,,WR,5300,NYG,@LAR,17.5,LAR by 13,1%,2%,2%,0.0,0.0,0.0,0.0,0.0,0.0,0.0,0.2,0.0,0.0,6.0,6.0,7.1,0.5,6.9,13,6.7,6.7,6.7,5.9,7.4,9.2,1.7,4.0,0.8
Mo Alie-Cox,1,,TE,5300,IND,@CHI,23.0,IND by 2.5,-6%,-3%,2%,0.0,0.0,0.0,0.0,0.0,0.0,0.0,0.0,0.0,0.0,3.7,3.7,3.3,0.7,16.5,5,9.7,9.7,9.7,3.9,15.5,5.9,1.1,7.8,1.5
Joshua Kelley,0,,RB,5300,LAC,@TB,17.8,TB by 7,13%,-36%,-23%,0.0,0.0,0.0,0.0,0.0,14.3,14.3,10.8,3.3,3.9,1.7,1.7,0.6,0.0,11.6,18,9.5,9.5,9.5,4.9,14.1,6.9,1.3,2.8,0.5
Brandin Cooks,5,,WR,5300,HOU,MIN,29.8,HOU by 5,5%,1%,16%,0.0,0.0,0.0,0.0,0.0,0.0,0.0,0.3,0.0,0.0,6.0,6.0,5.9,0.3,7.7,10,6.3,6.3,6.3,1.3,11.2,9.6,1.8,0.0,0.0
Jimmy Graham,1,,TE,5300,CHI,IND,20.5,IND by 2.5,-3%,-18%,-25%,0.0,0.0,0.0,0.0,0.0,0.0,0.0,0.0,0.0,0.0,6.0,6.0,5.8,2.7,5.7,9,11.1,11.1,11.1,1.7,20.5,7.1,1.3,5.3,1.0
D'Andre Swift,0,,RB,5300,DET,NO,25.0,NO by 4,-1%,-26%,-18%,0.0,0.0,0.0,0.0,0.0,2.7,2.7,2.5,0.7,2.5,4.0,4.0,3.1,0.3,7.8,9,7.3,7.3,7.3,3.1,11.5,6.6,1.2,13.2,2.5
Henry Ruggs III,,Q,WR,5300,LV,BUF,25.0,BUF by 3,-12%,-8%,-11%,0.0,0.0,0.0,0.0,0.0,1.0,1.0,0.0,0.0,5.5,4.0,4.0,0.0,0.0,7.4,0,4.5,4.5,4.5,-0.6,9.6,0.0,0.0,0.0,0.0
Hunter Renfrow,3,,WR,5300,LV,BUF,25.0,BUF by 3,-12%,-8%,-11%,0.0,0.0,0.0,0.0,0.0,0.0,0.0,0.0,0.0,0.0,4.7,4.7,6.8,1.0,10.1,11,8.6,8.6,8.6,0.8,16.3,9.8,1.8,8.2,1.5
Tee Higgins,0,,WR,5300,CIN,JAX,26.3,CIN by 3,0%,22%,-12%,0.0,0.0,0.0,0.0,0.0,0.0,0.0,0.0,0.0,0.0,5.0,5.0,6.1,1.3,5.0,10,7.8,7.8,7.8,-1.7,17.4,8.7,1.6,11.0,2.1
Tre'Quan Smith,1,,WR,5300,NO,@DET,29.0,NO by 4,18%,8%,21%,0.0,0.0,0.0,0.0,0.0,0.0,0.0,0.0,0.0,0.0,4.7,4.7,5.9,0.7,9.4,10,6.1,6.1,6.1,1.0,11.2,9.9,1.9,19.4,3.7
Chase Edmonds,1,,RB,5300,ARI,@CAR,27.3,ARI by 3,6%,24%,50%,0.0,0.0,0.0,0.0,0.0,4.0,4.0,3.5,0.7,3.6,3.7,3.7,2.4,0.7,4.5,9,6.4,6.4,6.4,1.5,11.3,6.2,1.2,12.5,2.4
Malcolm Brown,0,,RB,5300,LAR,NYG,30.5,LAR by 13,5%,-3%,6%,0.0,0.0,0.0,0.0,0.0,12.0,12.0,8.2,2.3,4.0,2.0,2.0,2.3,0.3,5.2,16,10.4,10.4,10.4,-2.0,22.7,6.3,1.2,8.1,1.5
Travis Homer,,,RB,5200,SEA,@MIA,29.5,SEA by 6.5,10%,5%,6%,0.0,0.0,0.0,0.0,0.0,2.7,2.7,4.6,0.3,4.9,1.0,1.0,2.0,0.0,1.3,11,1.8,1.8,1.8,1.4,2.2,5.0,1.0,7.3,1.4
Laviska Shenault Jr.,0,,WR,5200,JAX,@CIN,23.3,CIN by 3,2%,31%,-4%,0.0,0.0,0.0,0.0,0.0,2.7,2.7,1.5,0.3,6.0,4.7,4.7,5.2,0.3,7.5,10,8.9,8.9,8.9,5.8,12.1,8.5,1.6,11.6,2.2
Willie Snead,,,WR,5200,BAL,@WAS,29.0,BAL by 13,-2%,24%,-10%,0.0,0.0,0.0,0.0,0.0,0.0,0.0,0.0,0.0,0.0,2.7,2.7,3.5,1.0,12.1,6,6.6,6.6,6.6,-0.3,13.5,5.0,1.0,3.0,0.6
Rob Gronkowski,,Q,TE,5200,TB,LAC,24.8,TB by 7,-17%,-3%,-24%,0.0,0.0,0.0,0.0,0.0,0.0,0.0,0.0,0.0,0.0,3.7,3.7,5.2,0.3,5.4,8,3.3,3.3,3.3,-0.7,7.3,6.0,1.2,3.4,0.7
Nyheim Hines,0,,RB,5200,IND,@CHI,23.0,IND by 2.5,-6%,-3%,8%,0.0,0.0,0.0,0.0,0.0,4.7,4.7,3.5,2.0,3.5,4.7,4.7,3.6,1.0,6.4,12,10.8,10.8,10.8,-0.7,22.2,6.6,1.3,4.7,0.9
Zack Moss,,Q,RB,5100,BUF,@LV,28.0,BUF by 3,6%,-7%,17%,0.0,0.0,0.0,0.0,0.0,8.5,8.5,0.0,4.0,2.8,2.0,2.0,0.0,1.0,4.0,0,6.9,6.9,6.9,2.4,11.5,0.0,0.0,0.0,0.0
Austin Hooper,1,,TE,5100,CLE,@DAL,25.8,DAL by 4.5,-2%,-4%,21%,0.0,0.0,0.0,0.0,0.0,0.0,0.0,0.0,0.0,0.0,3.3,3.3,5.2,0.3,6.2,8,3.2,3.2,3.2,2.5,4.0,7.5,1.5,11.9,2.3
Eric Ebron,1,,TE,5100,PIT,@TEN,24.5,PIT by 2,14%,-2%,17%,0.0,0.0,,0.0,0.0,0.0,0.0,,0.0,0.0,4.7,4.7,,0.7,8.1,,7.3,7.3,7.3,1.4,13.1,0.0,0.0,0.0,0.0
Danny Amendola,0,,WR,5100,DET,NO,25.0,NO by 4,-1%,-26%,6%,0.0,0.0,0.0,0.0,0.0,0.0,0.0,0.0,0.0,0.0,6.0,6.0,6.2,0.3,6.7,10,5.3,5.3,5.3,0.8,9.9,6.7,1.3,6.7,1.3
Kerryon Johnson,,,RB,5100,DET,NO,25.0,NO by 4,-1%,-26%,-18%,0.0,0.0,0.0,0.0,0.0,6.0,6.0,7.2,1.7,3.4,0.7,0.7,1.4,0.0,7.0,13,4.7,4.7,4.7,0.7,8.7,4.8,0.9,1.7,0.3
Larry Fitzgerald,0,,WR,5100,ARI,@CAR,27.3,ARI by 3,6%,24%,7%,0.0,0.0,0.0,0.0,0.0,0.0,0.0,0.0,0.0,0.0,5.0,5.0,5.4,0.3,5.6,9,4.8,4.8,4.8,0.8,8.8,7.4,1.5,1.4,0.3
Curtis Samuel,1,,WR,5100,CAR,ARI,24.3,ARI by 3,15%,-3%,4%,0.0,0.0,0.0,0.0,0.0,3.0,3.0,1.1,0.7,4.2,4.7,4.7,4.6,0.7,6.9,10,6.3,6.3,6.3,5.1,7.5,8.3,1.6,6.3,1.2
Cole Beasley,0,,WR,5100,BUF,@LV,28.0,BUF by 3,6%,-7%,-5%,0.0,0.0,0.0,0.0,0.0,0.0,0.0,0.0,0.0,0.0,6.7,6.7,7.0,1.3,11.4,12,10.1,10.1,10.1,7.4,12.8,9.2,1.8,10.7,2.1
Jordan Howard,,,RB,5000,MIA,SEA,23.0,SEA by 6.5,27%,2%,-2%,0.0,0.0,0.0,0.0,0.0,5.3,5.3,3.8,2.7,0.8,0.0,0.0,0.3,0.0,0.0,6,6.4,6.4,6.4,6.1,6.7,3.9,0.8,0.4,0.1
Zach Pascal,0,,WR,5000,IND,@CHI,23.0,IND by 2.5,-6%,-3%,-20%,0.0,0.0,0.0,0.0,0.0,0.0,0.0,0.2,0.0,0.0,3.7,3.7,5.1,1.0,6.5,9,5.5,5.5,5.5,2.1,9.0,7.5,1.5,7.3,1.5
Cedrick Wilson,,,WR,5000,DAL,CLE,30.3,DAL by 4.5,-5%,24%,-6%,0.0,0.0,0.0,0.0,0.0,0.0,0.0,0.0,0.0,0.0,2.3,2.3,3.3,0.0,15.3,5,8.4,8.4,8.4,-6.1,22.9,5.0,1.0,4.9,1.0
Andy Isabella,2,,WR,5000,ARI,@CAR,27.3,ARI by 3,6%,24%,7%,0.0,0.0,0.0,0.0,0.0,0.3,0.3,0.4,0.0,-6.0,2.0,2.0,2.8,0.7,19.0,5,8.6,8.6,8.6,-0.5,17.7,5.7,1.1,1.3,0.3
Taysom Hill,,,TE,5000,NO,@DET,29.0,NO by 4,18%,8%,4%,0.3,0.3,0.4,0.0,38.0,2.3,2.3,1.4,0.7,3.9,0.7,0.7,0.0,0.0,7.5,3,1.6,1.6,1.6,-1.3,4.4,1.9,0.4,1.9,0.4
Michael Pittman Jr.,,O,WR,5000,IND,@CHI,23.0,IND by 2.5,-6%,-3%,-20%,0.0,0.0,0.0,0.0,0.0,0.0,0.0,0.0,0.0,0.0,4.0,4.0,0.0,0.7,6.1,0,3.9,3.9,3.9,2.1,5.8,0.0,0.0,0.0,0.0
Scott Miller,0,Q,WR,5000,TB,LAC,24.8,TB by 7,-17%,-3%,-21%,0.0,0.0,0.0,0.0,0.0,0.7,0.7,0.3,0.3,3.5,4.7,4.7,5.8,0.0,11.9,10,7.5,7.5,7.5,2.9,12.0,8.1,1.6,16.8,3.4
Dontrelle Inman,0,,WR,5000,WAS,BAL,16.0,BAL by 13,-13%,-12%,-9%,0.0,0.0,0.0,0.0,0.0,0.0,0.0,0.0,0.0,0.0,5.3,5.3,7.2,0.7,4.8,12,7.7,7.7,7.7,-0.6,16.0,6.7,1.3,4.9,1.0
Dion Lewis,,,RB,5000,NYG,@LAR,17.5,LAR by 13,1%,2%,-1%,0.0,0.0,0.0,0.0,0.0,4.0,4.0,3.8,0.3,1.8,3.0,3.0,3.3,0.3,5.1,12,5.1,5.1,5.1,-2.4,12.5,3.2,0.6,2.8,0.6
Chris Thompson,,,RB,5000,JAX,@CIN,23.3,CIN by 3,2%,31%,6%,0.0,0.0,0.0,0.0,0.0,1.3,1.3,2.2,0.0,2.5,4.0,4.0,3.0,1.0,5.1,8,6.0,6.0,6.0,1.7,10.3,4.8,1.0,0.0,0.0
Tarik Cohen,,O,RB,5000,CHI,IND,20.5,IND by 2.5,-3%,-18%,-22%,0.0,0.0,0.0,0.0,0.0,4.7,4.7,0.0,1.0,5.3,3.0,3.0,0.0,0.7,4.6,0,4.8,4.8,4.8,3.4,6.2,0.0,0.0,0.0,0.0
Josh Gordon,,,WR,5000,SEA,@MIA,29.5,SEA by 6.5,10%,5%,20%,0.0,0.0,0.0,0.0,0.0,0.0,0.0,0.0,0.0,0.0,0.0,0.0,0.7,0.0,0.0,1,0.0,0.0,0.0,0.0,0.0,0.1,0.0,0.0,0.0
Greg Olsen,0,,TE,5000,SEA,@MIA,29.5,SEA by 6.5,10%,5%,-22%,0.0,0.0,0.0,0.0,0.0,0.0,0.0,0.0,0.0,0.0,3.7,3.7,4.1,0.7,7.7,7,6.3,6.3,6.3,0.8,11.9,5.6,1.1,6.0,1.2
Jack Doyle,0,,TE,5000,IND,@CHI,23.0,IND by 2.5,-6%,-3%,2%,0.0,0.0,0.0,0.0,0.0,0.0,0.0,0.0,0.0,0.0,2.0,2.0,3.7,0.5,12.3,6,3.2,3.2,3.2,-1.3,7.7,4.8,1.0,1.7,0.3
James Washington,1,,WR,4900,PIT,@TEN,24.5,PIT by 2,14%,-2%,5%,0.0,0.0,,0.0,0.0,0.0,0.0,,0.0,0.0,5.0,5.0,,0.7,6.1,,6.7,6.7,6.7,3.3,10.1,0.0,0.0,0.0,0.0
Steven Sims Jr.,,Q,WR,4900,WAS,BAL,16.0,BAL by 13,-13%,-12%,-9%,0.0,0.0,0.0,0.0,0.0,0.0,0.0,0.0,0.0,0.0,2.7,2.7,0.0,0.3,12.9,0,3.8,3.8,3.8,0.4,7.1,0.0,0.0,0.0,0.0
Chris Conley,,,WR,4900,JAX,@CIN,23.3,CIN by 3,2%,31%,-4%,0.0,0.0,0.0,0.0,0.0,0.0,0.0,0.0,0.0,0.0,5.3,5.3,5.1,0.7,5.5,8,4.3,4.3,4.3,1.4,7.2,6.2,1.3,5.9,1.2
Chase Claypool,,,WR,4900,PIT,@TEN,24.5,PIT by 2,14%,-2%,5%,0.0,0.0,,0.0,0.0,0.3,0.3,,0.0,8.0,3.0,3.0,,0.0,16.8,,8.3,8.3,8.3,1.2,15.4,0.0,0.0,0.0,0.0
Logan Thomas,4,,TE,4900,WAS,BAL,16.0,BAL by 13,-13%,-12%,-22%,0.0,0.0,0.0,0.0,0.0,0.0,0.0,0.0,0.0,0.0,8.0,8.0,8.0,1.7,3.9,13,7.1,7.1,7.1,3.2,11.1,7.1,1.4,1.3,0.3
Dalton Schultz,13,,TE,4900,DAL,CLE,30.3,DAL by 4.5,-5%,24%,24%,0.0,0.0,0.0,0.0,0.0,0.0,0.0,0.0,0.0,0.0,6.7,6.7,5.2,1.3,7.3,8,8.6,8.6,8.6,0.6,16.6,7.0,1.4,15.2,3.1
Latavius Murray,1,,RB,4900,NO,@DET,29.0,NO by 4,18%,8%,20%,0.0,0.0,0.0,0.0,0.0,10.0,10.0,11.5,2.7,4.0,1.3,1.3,2.1,0.3,6.5,22,5.4,5.4,5.4,3.9,6.8,8.2,1.7,20.8,4.2
Peyton Barber,,,RB,4900,WAS,BAL,16.0,BAL by 13,-13%,-12%,-22%,0.0,0.0,0.0,0.0,0.0,7.0,7.0,3.7,3.3,1.7,0.0,0.0,0.5,0.0,0.0,7,5.2,5.2,5.2,-3.2,13.6,2.1,0.4,0.5,0.1
Jordan Akins,1,Q,TE,4900,HOU,MIN,29.8,HOU by 5,5%,1%,-28%,0.0,0.0,0.0,0.0,0.0,0.0,0.0,0.0,0.0,0.0,4.0,4.0,4.2,0.3,10.2,7,7.9,7.9,7.9,4.2,11.6,6.0,1.2,6.1,1.2
Wayne Gallman,,,RB,4900,NYG,@LAR,17.5,LAR by 13,1%,2%,-1%,0.0,0.0,0.0,0.0,0.0,2.0,2.0,3.8,0.0,1.8,2.0,2.0,0.5,0.0,5.3,8,2.2,2.2,2.2,1.8,2.5,2.8,0.6,4.5,0.9
Benny Snell,,,RB,4800,PIT,@TEN,24.5,PIT by 2,14%,-2%,11%,0.0,0.0,,0.0,0.0,9.7,9.7,,0.7,4.4,0.7,0.7,,0.0,-2.0,,3.7,3.7,3.7,-3.1,10.4,0.0,0.0,0.0,0.0
Tyler Eifert,1,Q,TE,4800,JAX,@CIN,23.3,CIN by 3,2%,31%,-6%,0.0,0.0,0.0,0.0,0.0,0.0,0.0,0.0,0.0,0.0,3.3,3.3,4.3,1.3,5.5,7,4.8,4.8,4.8,-0.6,10.3,5.5,1.1,3.2,0.7
Marvin Hall,,,WR,4800,DET,NO,25.0,NO by 4,-1%,-26%,6%,0.0,0.0,0.0,0.0,0.0,0.0,0.0,0.0,0.0,0.0,1.3,1.3,1.4,0.3,12.5,2,4.0,4.0,4.0,-0.5,8.5,1.8,0.4,0.0,0.0
Jalen Guyton,0,,WR,4800,LAC,@TB,17.8,TB by 7,13%,-36%,29%,0.0,0.0,0.0,0.0,0.0,0.0,0.0,0.0,0.0,0.0,2.0,2.0,4.5,0.7,8.8,7,4.4,4.4,4.4,1.4,7.5,5.6,1.2,13.7,2.9
Kyle Rudolph,2,,TE,4800,MIN,@HOU,24.8,HOU by 5,7%,19%,23%,0.0,0.0,0.0,0.0,0.0,0.0,0.0,0.0,0.0,0.0,2.0,2.0,3.3,0.3,6.5,5,4.0,4.0,4.0,-0.1,8.0,4.8,1.0,3.7,0.8
Giovani Bernard,,,RB,4800,CIN,JAX,26.3,CIN by 3,0%,22%,29%,0.0,0.0,0.0,0.0,0.0,0.7,0.7,3.3,0.3,5.0,5.0,5.0,4.1,1.3,6.5,12,5.6,5.6,5.6,4.4,6.8,5.7,1.2,1.9,0.4
Matt Breida,,,RB,4800,MIA,SEA,23.0,SEA by 6.5,27%,2%,-2%,0.0,0.0,0.0,0.0,0.0,5.0,5.0,4.5,1.0,4.2,0.7,0.7,0.6,0.0,1.0,8,2.3,2.3,2.3,0.3,4.3,3.1,0.6,6.3,1.3
Bryan Edwards,,Q,WR,4800,LV,BUF,25.0,BUF by 3,-12%,-8%,-11%,0.0,0.0,0.0,0.0,0.0,0.0,0.0,0.0,0.0,0.0,2.0,2.0,0.0,0.0,16.5,0,4.1,4.1,4.1,1.7,6.5,0.0,0.0,0.0,0.0
Kalif Raymond,,,WR,4800,TEN,PIT,22.5,PIT by 2,-23%,-19%,-16%,0.0,0.0,,0.0,0.0,0.3,0.3,,0.3,-3.0,1.7,1.7,,0.0,23.6,,4.3,4.3,4.3,-3.2,11.8,0.0,0.0,0.0,0.0
Justin Jackson,,,RB,4800,LAC,@TB,17.8,TB by 7,13%,-36%,-23%,0.0,0.0,0.0,0.0,0.0,2.0,2.0,2.3,0.0,2.0,0.0,0.0,0.7,0.0,0.0,5,0.4,0.4,0.4,0.4,0.4,1.4,0.3,3.1,0.6
O.J. Howard,0,O,TE,4800,TB,LAC,24.8,TB by 7,-17%,-3%,-24%,0.0,0.0,0.0,0.0,0.0,0.0,0.0,0.0,0.0,0.0,4.3,4.3,4.7,1.0,7.4,8,6.5,6.5,6.5,1.5,11.5,0.0,0.0,12.5,2.6
Devontae Booker,,,RB,4800,LV,BUF,25.0,BUF by 3,-12%,-8%,-6%,0.0,0.0,0.0,0.0,0.0,3.3,3.3,3.2,1.3,5.9,1.3,1.3,0.7,0.3,7.3,6,3.6,3.6,3.6,0.7,6.5,4.3,0.9,0.0,0.0
Kenny Stills,,,WR,4700,HOU,MIN,29.8,HOU by 5,5%,1%,16%,0.0,0.0,0.0,0.0,0.0,0.0,0.0,0.0,0.0,0.0,3.0,3.0,3.5,0.0,5.7,6,2.5,2.5,2.5,0.0,5.0,5.5,1.2,10.9,2.3
Duke Johnson,,,RB,4700,HOU,MIN,29.8,HOU by 5,5%,1%,-1%,0.0,0.0,0.0,0.0,0.0,5.0,5.0,3.5,0.0,2.8,1.0,1.0,2.8,0.0,0.0,10,1.4,1.4,1.4,1.4,1.4,5.2,1.1,6.0,1.3
Freddie Swain,,,WR,4700,SEA,@MIA,29.5,SEA by 6.5,10%,5%,20%,0.0,0.0,0.0,0.0,0.0,0.0,0.0,0.0,0.0,0.0,1.0,1.0,0.8,0.0,17.0,1,4.2,4.2,4.2,0.4,8.0,1.8,0.4,4.2,0.9
Tyler Kroft,,,TE,4700,BUF,@LV,28.0,BUF by 3,6%,-7%,4%,0.0,0.0,0.0,0.0,0.0,0.0,0.0,0.0,0.0,0.0,1.7,1.7,1.1,1.3,4.8,2,5.5,5.5,5.5,-4.0,14.9,1.8,0.4,1.7,0.4
Cordarrelle Patterson,,,WR,4700,CHI,IND,20.5,IND by 2.5,-3%,-18%,9%,0.0,0.0,0.0,0.0,0.0,5.0,5.0,4.9,0.3,3.8,1.0,1.0,2.5,0.0,6.7,12,3.1,3.1,3.1,1.5,4.6,5.5,1.2,1.0,0.2
Quintez Cephus,,,WR,4700,DET,NO,25.0,NO by 4,-1%,-26%,6%,0.0,0.0,0.0,0.0,0.0,0.0,0.0,0.0,0.0,0.0,4.3,4.3,1.3,0.7,7.5,2,4.2,4.2,4.2,0.5,7.9,1.6,0.3,0.0,0.0
Nelson Agholor,0,,WR,4700,LV,BUF,25.0,BUF by 3,-12%,-8%,-11%,0.0,0.0,0.0,0.0,0.0,0.0,0.0,0.3,0.0,0.0,1.7,1.7,5.8,0.0,14.8,10,5.1,5.1,5.1,1.8,8.4,6.5,1.4,12.4,2.6
Tony Pollard,,,RB,4700,DAL,CLE,30.3,DAL by 4.5,-5%,24%,8%,0.0,0.0,0.0,0.0,0.0,1.3,1.3,2.4,0.3,4.0,1.7,1.7,1.3,0.0,4.0,6,1.9,1.9,1.9,-0.3,4.0,3.1,0.7,9.7,2.1
Van Jefferson,,,WR,4700,LAR,NYG,30.5,LAR by 13,5%,-3%,8%,0.0,0.0,0.0,0.0,0.0,0.3,0.3,0.0,0.0,-1.0,3.0,3.0,3.1,0.3,8.4,5,3.3,3.3,3.3,0.1,6.5,3.8,0.8,0.0,0.0
Michael Thomas,,,WR,4700,CIN,JAX,26.3,CIN by 3,0%,22%,-12%,0.0,0.0,0.0,0.0,0.0,0.0,0.0,0.0,0.0,0.0,3.0,3.0,3.1,0.3,6.3,5,5.2,5.2,5.2,0.1,10.3,3.7,0.8,1.0,0.2
Deonte Harris,,,WR,4700,NO,@DET,29.0,NO by 4,18%,8%,21%,0.0,0.0,0.0,0.0,0.0,0.7,0.7,1.1,0.0,10.0,3.0,3.0,3.6,0.0,5.0,8,3.2,3.2,3.2,1.5,4.9,5.5,1.2,2.5,0.5
Drew Sample,1,,TE,4700,CIN,JAX,26.3,CIN by 3,0%,22%,8%,0.0,0.0,0.0,0.0,0.0,0.0,0.0,0.0,0.0,0.0,3.7,3.7,4.7,1.3,4.8,7,3.3,3.3,3.3,-0.8,7.4,5.5,1.2,6.2,1.3
J.D. McKissic,,,RB,4700,WAS,BAL,16.0,BAL by 13,-13%,-12%,-22%,0.0,0.0,0.0,0.0,0.0,5.3,5.3,4.9,1.0,4.1,3.0,3.0,3.0,0.7,4.2,13,4.1,4.1,4.1,0.8,7.4,5.2,1.1,6.1,1.3
Miles Boykin,,,WR,4700,BAL,@WAS,29.0,BAL by 13,-2%,24%,-10%,0.0,0.0,0.0,0.0,0.0,0.0,0.0,0.0,0.0,0.0,3.7,3.7,3.8,0.7,7.5,6,4.1,4.1,4.1,1.7,6.5,4.7,1.0,3.8,0.8
Jakeem Grant,,,WR,4700,MIA,SEA,23.0,SEA by 6.5,27%,2%,23%,0.0,0.0,0.0,0.0,0.0,0.3,0.3,0.2,0.0,29.0,2.0,2.0,2.3,0.0,7.7,4,3.3,3.3,3.3,1.0,5.7,3.0,0.6,5.1,1.1
Ryquell Armstead,,O,RB,4600,JAX,@CIN,23.3,CIN by 3,2%,31%,6%,0.0,0.0,0.0,0.0,0.0,0.0,0.0,1.4,0.0,0.0,0.0,0.0,0.5,0.0,0.0,3,0.0,0.0,0.0,0.0,0.0,0.0,0.0,0.0,0.0
Reggie Bonnafon,0,,RB,4600,CAR,ARI,24.3,ARI by 3,15%,-3%,8%,0.0,0.0,0.0,0.0,0.0,2.0,2.0,2.4,1.0,8.0,0.0,0.0,0.3,0.0,0.0,5,1.6,1.6,1.6,1.6,1.6,3.5,0.8,14.1,3.1
Jesse James,,,TE,4600,DET,NO,25.0,NO by 4,-1%,-26%,15%,0.0,0.0,0.0,0.0,0.0,0.0,0.0,0.0,0.0,0.0,1.3,1.3,1.3,0.7,7.0,2,3.4,3.4,3.4,-2.5,9.4,2.1,0.5,3.6,0.8
Jaylen Samuels,,,RB,4600,PIT,@TEN,24.5,PIT by 2,14%,-2%,11%,0.0,0.0,,0.0,0.0,0.7,0.7,,0.7,1.5,1.0,1.0,,0.0,1.7,,0.6,0.6,0.6,0.2,1.0,0.0,0.0,0.0,0.0
Gus Edwards,,,RB,4600,BAL,@WAS,29.0,BAL by 13,-2%,24%,23%,0.0,0.0,0.0,0.0,0.0,6.0,6.0,6.9,0.3,7.2,0.0,0.0,0.2,0.0,0.0,11,4.3,4.3,4.3,1.5,7.1,4.5,1.0,3.8,0.8
Will Dissly,,,TE,4600,SEA,@MIA,29.5,SEA by 6.5,10%,5%,-22%,0.0,0.0,0.0,0.0,0.0,0.0,0.0,0.0,0.0,0.0,1.7,1.7,2.1,0.0,4.4,3,1.6,1.6,1.6,1.4,1.8,2.8,0.6,2.5,0.5
Isaiah Ford,3,,WR,4600,MIA,SEA,23.0,SEA by 6.5,27%,2%,23%,0.0,0.0,0.0,0.0,0.0,0.0,0.0,0.3,0.0,0.0,5.0,5.0,6.0,0.0,6.9,10,5.3,5.3,5.3,0.2,10.3,7.4,1.6,6.8,1.5
Olabisi Johnson,,,WR,4600,MIN,@HOU,24.8,HOU by 5,7%,19%,-2%,0.0,0.0,0.0,0.0,0.0,0.0,0.0,0.0,0.0,0.0,2.3,2.3,3.1,0.0,11.4,5,3.3,3.3,3.3,-0.2,6.9,2.7,0.6,0.0,0.0
Devine Ozigbo,,O,RB,4600,JAX,@CIN,23.3,CIN by 3,2%,31%,6%,0.0,0.0,0.0,0.0,0.0,0.0,0.0,2.9,0.0,0.0,0.0,0.0,1.8,0.0,0.0,7,0.0,0.0,0.0,0.0,0.0,0.0,0.0,0.0,0.0
Keke Coutee,,,WR,4600,HOU,MIN,29.8,HOU by 5,5%,1%,16%,0.0,0.0,0.0,0.0,0.0,0.0,0.0,0.0,0.0,0.0,2.0,2.0,0.0,0.0,5.5,0,0.1,0.1,0.1,0.1,0.1,0.0,0.0,0.0,0.0
Dede Westbrook,,,WR,4600,JAX,@CIN,23.3,CIN by 3,2%,31%,-4%,0.0,0.0,0.0,0.0,0.0,0.0,0.0,0.0,0.0,0.0,1.0,1.0,0.0,1.0,4.0,0,0.9,0.9,0.9,0.9,0.9,0.0,0.0,0.0,0.0
Antonio Gandy-Golden,,,WR,4600,WAS,BAL,16.0,BAL by 13,-13%,-12%,-9%,0.0,0.0,0.0,0.0,0.0,0.5,0.5,0.3,0.0,22.0,1.5,1.5,2.1,0.0,1.0,4,1.5,1.5,1.5,0.5,2.5,2.9,0.6,0.0,0.0
Gabriel Davis,1,,WR,4600,BUF,@LV,28.0,BUF by 3,6%,-7%,-5%,0.0,0.0,0.0,0.0,0.0,0.3,0.3,0.0,0.3,0.0,2.3,2.3,3.7,0.3,14.7,6,6.6,6.6,6.6,2.8,10.4,5.4,1.2,9.1,2.0
Seth Roberts,,,WR,4600,CAR,ARI,24.3,ARI by 3,15%,-3%,4%,0.0,0.0,0.0,0.0,0.0,0.0,0.0,0.0,0.0,0.0,1.7,1.7,1.2,0.0,4.2,2,1.2,1.2,1.2,-0.1,2.5,2.3,0.5,1.5,0.3
Dawson Knox,0,,TE,4600,BUF,@LV,28.0,BUF by 3,6%,-7%,4%,0.0,0.0,0.0,0.0,0.0,0.0,0.0,0.0,0.0,0.0,3.0,3.0,3.8,1.0,10.7,6,3.0,3.0,3.0,2.0,3.9,4.6,1.0,2.6,0.6
Darnell Mooney,,,WR,4600,CHI,IND,20.5,IND by 2.5,-3%,-18%,9%,0.0,0.0,0.0,0.0,0.0,0.0,0.0,0.0,0.0,0.0,3.7,3.7,4.5,0.3,8.5,7,6.4,6.4,6.4,2.2,10.6,5.9,1.3,7.4,1.6
John Ross,,,WR,4600,CIN,JAX,26.3,CIN by 3,0%,22%,-12%,0.0,0.0,0.0,0.0,0.0,0.0,0.0,0.0,0.0,0.0,3.5,3.5,0.0,0.0,2.4,0,1.4,1.4,1.4,-0.6,3.3,0.0,0.0,0.0,0.0
Adam Humphries,,O,WR,4600,TEN,PIT,22.5,PIT by 2,-23%,-19%,-16%,0.0,0.0,,0.0,0.0,0.3,0.3,,0.0,0.0,6.7,6.7,,1.0,6.8,,9.0,9.0,9.0,5.3,12.8,0.0,0.0,0.0,0.0
Collin Johnson,,,WR,4600,JAX,@CIN,23.3,CIN by 3,2%,31%,-4%,0.0,0.0,0.0,0.0,0.0,0.0,0.0,0.0,0.0,0.0,2.0,2.0,2.0,0.7,2.8,3,0.9,0.9,0.9,-0.1,1.9,1.9,0.4,0.0,0.0
Josh Reynolds,,,WR,4600,LAR,NYG,30.5,LAR by 13,5%,-3%,8%,0.0,0.0,0.0,0.0,0.0,0.0,0.0,0.2,0.0,0.0,2.7,2.7,4.2,0.3,13.8,7,4.2,4.2,4.2,2.3,6.1,5.9,1.3,4.0,0.9
Darren Fells,0,,TE,4600,HOU,MIN,29.8,HOU by 5,5%,1%,-28%,0.0,0.0,0.0,0.0,0.0,0.0,0.0,0.0,0.0,0.0,2.7,2.7,2.8,0.7,5.3,5,4.1,4.1,4.1,-0.7,8.8,3.8,0.8,3.1,0.7
Ted Ginn Jr.,,,WR,4600,CHI,IND,20.5,IND by 2.5,-3%,-18%,9%,0.0,0.0,0.0,0.0,0.0,0.0,0.0,0.1,0.0,0.0,2.0,2.0,2.6,0.0,7.3,4,1.7,1.7,1.7,-0.7,4.1,2.1,0.5,2.1,0.5
LeSean McCoy,,D,RB,4600,TB,LAC,24.8,TB by 7,-17%,-3%,1%,0.0,0.0,0.0,0.0,0.0,0.3,0.3,4.6,0.0,-5.0,4.0,4.0,2.3,1.0,4.3,11,2.9,2.9,2.9,0.9,4.9,6.1,1.3,1.1,0.2
K.J. Hill,,,WR,4600,LAC,@TB,17.8,TB by 7,13%,-36%,29%,0.0,0.0,0.0,0.0,0.0,0.0,0.0,0.0,0.0,0.0,4.0,4.0,2.7,2.0,3.8,4,2.0,2.0,2.0,2.0,2.0,2.9,0.6,0.0,0.0
Justin Watson,0,Q,WR,4600,TB,LAC,24.8,TB by 7,-17%,-3%,-21%,0.0,0.0,0.0,0.0,0.0,0.0,0.0,0.0,0.0,0.0,2.5,2.5,4.1,0.0,10.8,7,3.5,3.5,3.5,0.1,6.8,6.6,1.4,6.0,1.3
Javon Wims,,,WR,4600,CHI,IND,20.5,IND by 2.5,-3%,-18%,9%,0.0,0.0,0.0,0.0,0.0,0.0,0.0,0.0,0.0,0.0,1.7,1.7,2.0,0.3,3.6,3,3.1,3.1,3.1,-0.2,6.4,2.4,0.5,0.0,0.0
David Moore,0,,WR,4600,SEA,@MIA,29.5,SEA by 6.5,10%,5%,20%,0.0,0.0,0.0,0.0,0.0,0.3,0.3,0.2,0.3,12.0,2.3,2.3,3.5,1.0,11.1,6,6.2,6.2,6.2,0.3,12.0,4.8,1.0,17.0,3.7
Jordan Wilkins,,,RB,4600,IND,@CHI,23.0,IND by 2.5,-6%,-3%,8%,0.0,0.0,0.0,0.0,0.0,6.0,6.0,4.5,0.3,4.4,0.3,0.3,0.4,0.0,6.0,8,3.0,3.0,3.0,0.4,5.6,4.1,0.9,3.6,0.8
Anthony Johnson,,,WR,4500,PIT,@TEN,24.5,PIT by 2,14%,-2%,5%,0.0,0.0,,0.0,0.0,0.0,0.0,,0.0,0.0,0.0,0.0,,0.0,0.0,,0.0,0.0,0.0,0.0,0.0,0.0,0.0,0.0,0.0
Scotty Washington,,,WR,4500,CIN,JAX,26.3,CIN by 3,0%,22%,-12%,0.0,0.0,0.0,0.0,0.0,0.0,0.0,0.0,0.0,0.0,0.0,0.0,0.0,0.0,0.0,0,0.0,0.0,0.0,0.0,0.0,0.0,0.0,0.0,0.0
DaMarkus Lodge,,,WR,4500,CIN,JAX,26.3,CIN by 3,0%,22%,-12%,0.0,0.0,0.0,0.0,0.0,0.0,0.0,0.0,0.0,0.0,0.0,0.0,0.0,0.0,0.0,0,0.0,0.0,0.0,0.0,0.0,0.0,0.0,0.0,0.0
Jeff Cotton,,,WR,4500,LAC,@TB,17.8,TB by 7,13%,-36%,29%,0.0,0.0,0.0,0.0,0.0,0.0,0.0,0.0,0.0,0.0,0.0,0.0,0.0,0.0,0.0,0,0.0,0.0,0.0,0.0,0.0,0.0,0.0,0.0,0.0
Darrell Stewart Jr.,,,WR,4500,CAR,ARI,24.3,ARI by 3,15%,-3%,4%,0.0,0.0,0.0,0.0,0.0,0.0,0.0,0.0,0.0,0.0,0.0,0.0,0.0,0.0,0.0,0,0.0,0.0,0.0,0.0,0.0,0.0,0.0,0.0,0.0
Bronson Rechsteiner,,,RB,4500,BAL,@WAS,29.0,BAL by 13,-2%,24%,23%,0.0,0.0,0.0,0.0,0.0,0.0,0.0,0.0,0.0,0.0,0.0,0.0,0.0,0.0,0.0,0,0.0,0.0,0.0,0.0,0.0,0.0,0.0,0.0,0.0
Ja'Marcus Bradley,,,WR,4500,CLE,@DAL,25.8,DAL by 4.5,-2%,-4%,-2%,0.0,0.0,0.0,0.0,0.0,0.0,0.0,0.0,0.0,0.0,0.0,0.0,0.0,0.0,0.0,0,0.0,0.0,0.0,0.0,0.0,0.0,0.0,0.0,0.0
Penny Hart,,,WR,4500,SEA,@MIA,29.5,SEA by 6.5,10%,5%,20%,0.0,0.0,0.0,0.0,0.0,0.0,0.0,0.0,0.0,0.0,0.0,0.0,0.0,0.0,0.0,0,0.0,0.0,0.0,0.0,0.0,0.0,0.0,0.0,0.0
Jason Moore,,,WR,4500,LAC,@TB,17.8,TB by 7,13%,-36%,29%,0.0,0.0,0.0,0.0,0.0,0.0,0.0,0.0,0.0,0.0,0.0,0.0,0.8,0.0,0.0,1,0.0,0.0,0.0,0.0,0.0,0.1,0.0,0.0,0.0
Jordan Scarlett,,,RB,4500,CAR,ARI,24.3,ARI by 3,15%,-3%,8%,0.0,0.0,0.0,0.0,0.0,0.0,0.0,0.0,0.0,0.0,0.0,0.0,0.0,0.0,0.0,0,0.0,0.0,0.0,0.0,0.0,0.0,0.0,0.0,0.0
Bruce Anderson,,,RB,4500,IND,@CHI,23.0,IND by 2.5,-6%,-3%,8%,0.0,0.0,0.0,0.0,0.0,0.0,0.0,0.0,0.0,0.0,0.0,0.0,0.0,0.0,0.0,0,0.0,0.0,0.0,0.0,0.0,0.0,0.0,0.0,0.0
Terry Godwin,,,WR,4500,JAX,@CIN,23.3,CIN by 3,2%,31%,-4%,0.0,0.0,0.0,0.0,0.0,0.0,0.0,0.0,0.0,0.0,0.0,0.0,0.0,0.0,0.0,0,0.0,0.0,0.0,0.0,0.0,0.0,0.0,0.0,0.0
Trenton Irwin,,,WR,4500,CIN,JAX,26.3,CIN by 3,0%,22%,-12%,0.0,0.0,0.0,0.0,0.0,0.0,0.0,0.0,0.0,0.0,0.0,0.0,0.0,0.0,0.0,0,0.0,0.0,0.0,0.0,0.0,0.0,0.0,0.0,0.0
Tom Kennedy,,,WR,4500,DET,NO,25.0,NO by 4,-1%,-26%,6%,0.0,0.0,0.0,0.0,0.0,0.0,0.0,0.0,0.0,0.0,0.0,0.0,0.0,0.0,0.0,0,0.0,0.0,0.0,0.0,0.0,0.0,0.0,0.0,0.0
Dalton Schoen,,,WR,4500,LAC,@TB,17.8,TB by 7,13%,-36%,29%,0.0,0.0,0.0,0.0,0.0,0.0,0.0,0.0,0.0,0.0,0.0,0.0,0.0,0.0,0.0,0,0.0,0.0,0.0,0.0,0.0,0.0,0.0,0.0,0.0
Bryce Love,,O,RB,4500,WAS,BAL,16.0,BAL by 13,-13%,-12%,-22%,0.0,0.0,0.0,0.0,0.0,0.0,0.0,0.0,0.0,0.0,0.0,0.0,0.0,0.0,0.0,0,0.0,0.0,0.0,0.0,0.0,0.0,0.0,0.0,0.0
Kirk Merritt,,,WR,4500,MIA,SEA,23.0,SEA by 6.5,27%,2%,23%,0.0,0.0,0.0,0.0,0.0,0.0,0.0,0.0,0.0,0.0,0.0,0.0,0.0,0.0,0.0,0,0.0,0.0,0.0,0.0,0.0,0.0,0.0,0.0,0.0
Alec Ingold,,,RB,4500,LV,BUF,25.0,BUF by 3,-12%,-8%,-6%,0.0,0.0,0.0,0.0,0.0,0.0,0.0,0.4,0.0,0.0,1.0,1.0,0.3,0.3,5.3,1,3.0,3.0,3.0,-0.9,7.0,0.7,0.2,3.8,0.8
Tony Jones Jr.,,,RB,4500,NO,@DET,29.0,NO by 4,18%,8%,20%,0.0,0.0,0.0,0.0,0.0,0.0,0.0,0.0,0.0,0.0,0.0,0.0,0.0,0.0,0.0,0,0.0,0.0,0.0,0.0,0.0,0.0,0.0,0.0,0.0
Matt Cole,,,WR,4500,MIA,SEA,23.0,SEA by 6.5,27%,2%,23%,0.0,0.0,0.0,0.0,0.0,0.0,0.0,0.0,0.0,0.0,0.0,0.0,0.0,0.0,0.0,0,0.0,0.0,0.0,0.0,0.0,0.0,0.0,0.0,0.0
Isaiah Wright,,,WR,4500,WAS,BAL,16.0,BAL by 13,-13%,-12%,-9%,0.0,0.0,0.0,0.0,0.0,1.0,1.0,1.0,0.0,6.0,6.0,6.0,5.3,0.0,4.0,11,5.0,5.0,5.0,5.0,5.0,5.9,1.3,4.9,1.1
Karan Higdon,,,RB,4500,HOU,MIN,29.8,HOU by 5,5%,1%,-1%,0.0,0.0,0.0,0.0,0.0,0.0,0.0,0.0,0.0,0.0,0.0,0.0,0.0,0.0,0.0,0,0.0,0.0,0.0,0.0,0.0,0.0,0.0,0.0,0.0
Marvelle Ross,,,WR,4500,JAX,@CIN,23.3,CIN by 3,2%,31%,-4%,0.0,0.0,0.0,0.0,0.0,0.0,0.0,0.0,0.0,0.0,0.0,0.0,0.0,0.0,0.0,0,0.0,0.0,0.0,0.0,0.0,0.0,0.0,0.0,0.0
Earnest Edwards,,,WR,4500,LAR,NYG,30.5,LAR by 13,5%,-3%,8%,0.0,0.0,0.0,0.0,0.0,0.0,0.0,0.0,0.0,0.0,0.0,0.0,0.0,0.0,0.0,0,0.0,0.0,0.0,0.0,0.0,0.0,0.0,0.0,0.0
J.J. Koski,,,WR,4500,LAR,NYG,30.5,LAR by 13,5%,-3%,8%,0.0,0.0,0.0,0.0,0.0,0.0,0.0,0.0,0.0,0.0,0.0,0.0,0.0,0.0,0.0,0,0.0,0.0,0.0,0.0,0.0,0.0,0.0,0.0,0.0
Shane Leatherbury,,,WR,4500,ARI,@CAR,27.3,ARI by 3,6%,24%,7%,0.0,0.0,0.0,0.0,0.0,0.0,0.0,0.0,0.0,0.0,0.0,0.0,0.0,0.0,0.0,0,0.0,0.0,0.0,0.0,0.0,0.0,0.0,0.0,0.0
Devin Phelps,,,WR,4500,ARI,@CAR,27.3,ARI by 3,6%,24%,7%,0.0,0.0,0.0,0.0,0.0,0.0,0.0,0.0,0.0,0.0,0.0,0.0,0.0,0.0,0.0,0,0.0,0.0,0.0,0.0,0.0,0.0,0.0,0.0,0.0
Patrick Carr,,O,RB,4500,SEA,@MIA,29.5,SEA by 6.5,10%,5%,6%,0.0,0.0,0.0,0.0,0.0,0.0,0.0,0.0,0.0,0.0,0.0,0.0,0.0,0.0,0.0,0,0.0,0.0,0.0,0.0,0.0,0.0,0.0,0.0,0.0
Emanuel Hall,,,WR,4500,WAS,BAL,16.0,BAL by 13,-13%,-12%,-9%,0.0,0.0,0.0,0.0,0.0,0.0,0.0,0.0,0.0,0.0,0.0,0.0,0.0,0.0,0.0,0,0.0,0.0,0.0,0.0,0.0,0.0,0.0,0.0,0.0
Dan Chisena,,,WR,4500,MIN,@HOU,24.8,HOU by 5,7%,19%,-2%,0.0,0.0,0.0,0.0,0.0,0.0,0.0,0.0,0.0,0.0,0.0,0.0,0.0,0.0,0.0,0,0.0,0.0,0.0,0.0,0.0,0.0,0.0,0.0,0.0
Isaiah Coulter,,O,WR,4500,HOU,MIN,29.8,HOU by 5,5%,1%,16%,0.0,0.0,0.0,0.0,0.0,0.0,0.0,0.0,0.0,0.0,0.0,0.0,0.0,0.0,0.0,0,0.0,0.0,0.0,0.0,0.0,0.0,0.0,0.0,0.0
Saquon Barkley,,O,RB,4500,NYG,@LAR,17.5,LAR by 13,1%,2%,-1%,0.0,0.0,0.0,0.0,0.0,9.5,9.5,0.0,1.5,1.8,4.5,4.5,0.0,1.0,6.7,0,6.2,6.2,6.2,1.4,11.0,0.0,0.0,0.0,0.0
Rysen John,,,WR,4500,NYG,@LAR,17.5,LAR by 13,1%,2%,2%,0.0,0.0,0.0,0.0,0.0,0.0,0.0,0.0,0.0,0.0,0.0,0.0,0.0,0.0,0.0,0,0.0,0.0,0.0,0.0,0.0,0.0,0.0,0.0,0.0
K.J. Osborn,,,WR,4500,MIN,@HOU,24.8,HOU by 5,7%,19%,-2%,0.0,0.0,0.0,0.0,0.0,0.0,0.0,0.0,0.0,0.0,0.0,0.0,0.6,0.0,0.0,1,0.0,0.0,0.0,0.0,0.0,0.5,0.1,0.0,0.0
John Hurst,,O,WR,4500,TB,LAC,24.8,TB by 7,-17%,-3%,-21%,0.0,0.0,0.0,0.0,0.0,0.0,0.0,0.0,0.0,0.0,0.0,0.0,0.0,0.0,0.0,0,0.0,0.0,0.0,0.0,0.0,0.0,0.0,0.0,0.0
Auden Tate,,,WR,4500,CIN,JAX,26.3,CIN by 3,0%,22%,-12%,0.0,0.0,0.0,0.0,0.0,0.0,0.0,0.0,0.0,0.0,2.0,2.0,3.6,1.0,7.3,6,2.0,2.0,2.0,-0.8,4.7,4.3,1.0,2.0,0.4
Luke Sellers,,,RB,4500,DET,NO,25.0,NO by 4,-1%,-26%,-18%,0.0,0.0,0.0,0.0,0.0,0.0,0.0,0.0,0.0,0.0,0.0,0.0,0.0,0.0,0.0,0,0.0,0.0,0.0,0.0,0.0,0.0,0.0,0.0,0.0
Michael Walker,,,WR,4500,JAX,@CIN,23.3,CIN by 3,2%,31%,-4%,0.0,0.0,0.0,0.0,0.0,0.0,0.0,0.0,0.0,0.0,0.0,0.0,0.0,0.0,0.0,0,0.0,0.0,0.0,0.0,0.0,0.0,0.0,0.0,0.0
Nick Westbrook,,,WR,4500,TEN,PIT,22.5,PIT by 2,-23%,-19%,-16%,0.0,0.0,,0.0,0.0,0.0,0.0,,0.0,0.0,2.0,2.0,,0.0,0.0,,0.0,0.0,0.0,0.0,0.0,0.0,0.0,0.0,0.0
Irv Smith Jr.,,,TE,4500,MIN,@HOU,24.8,HOU by 5,7%,19%,23%,0.0,0.0,0.0,0.0,0.0,0.0,0.0,0.0,0.0,0.0,1.7,1.7,3.4,0.0,2.8,6,0.8,0.8,0.8,0.0,1.6,3.5,0.8,0.0,0.0
Ryan Becker,,,WR,4500,ARI,@CAR,27.3,ARI by 3,6%,24%,7%,0.0,0.0,0.0,0.0,0.0,0.0,0.0,0.0,0.0,0.0,0.0,0.0,0.0,0.0,0.0,0,0.0,0.0,0.0,0.0,0.0,0.0,0.0,0.0,0.0
Malcolm Perry,,,RB,4500,MIA,SEA,23.0,SEA by 6.5,27%,2%,-2%,0.0,0.0,0.0,0.0,0.0,0.0,0.0,0.0,0.0,0.0,0.0,0.0,0.0,0.0,0.0,0,0.0,0.0,0.0,0.0,0.0,0.0,0.0,0.0,0.0
Lynn Bowden,,,WR,4500,MIA,SEA,23.0,SEA by 6.5,27%,2%,23%,0.0,0.0,0.0,0.0,0.0,0.0,0.0,1.6,0.0,0.0,1.0,1.0,1.8,0.0,-1.0,5,0.4,0.4,0.4,0.4,0.4,4.2,0.9,0.5,0.1
Kelvin Harmon,,,WR,4500,WAS,BAL,16.0,BAL by 13,-13%,-12%,-9%,0.0,0.0,0.0,0.0,0.0,0.0,0.0,0.0,0.0,0.0,0.0,0.0,0.0,0.0,0.0,0,0.0,0.0,0.0,0.0,0.0,0.0,0.0,0.0,0.0
Devwah Whaley,,,RB,4500,CIN,JAX,26.3,CIN by 3,0%,22%,29%,0.0,0.0,0.0,0.0,0.0,0.0,0.0,0.0,0.0,0.0,0.0,0.0,0.0,0.0,0.0,0,0.0,0.0,0.0,0.0,0.0,0.0,0.0,0.0,0.0
Devin Duvernay,,,WR,4500,BAL,@WAS,29.0,BAL by 13,-2%,24%,-10%,0.0,0.0,0.0,0.0,0.0,0.0,0.0,0.0,0.0,0.0,1.7,1.7,2.6,0.3,7.6,4,3.9,3.9,3.9,0.7,7.2,3.4,0.8,0.9,0.2
Lil'Jordan Humphrey,,,WR,4500,NO,@DET,29.0,NO by 4,18%,8%,21%,0.0,0.0,0.0,0.0,0.0,0.0,0.0,0.0,0.0,0.0,0.0,0.0,0.0,0.0,0.0,0,0.0,0.0,0.0,0.0,0.0,0.0,0.0,0.0,0.0
C.J. Ham,,,RB,4500,MIN,@HOU,24.8,HOU by 5,7%,19%,23%,0.0,0.0,0.0,0.0,0.0,0.3,0.3,0.2,0.3,4.0,0.7,0.7,1.5,0.0,5.5,3,0.7,0.7,0.7,-0.2,1.5,0.9,0.2,0.2,0.0
Reggie Gilliam,,,RB,4500,BUF,@LV,28.0,BUF by 3,6%,-7%,17%,0.0,0.0,0.0,0.0,0.0,0.0,0.0,0.1,0.0,0.0,0.3,0.3,0.1,0.3,1.0,0,2.2,2.2,2.2,-1.6,6.0,0.3,0.1,0.0,0.0
Javon Leake,,,RB,4500,NYG,@LAR,17.5,LAR by 13,1%,2%,-1%,0.0,0.0,0.0,0.0,0.0,0.0,0.0,0.0,0.0,0.0,0.0,0.0,0.0,0.0,0.0,0,0.0,0.0,0.0,0.0,0.0,0.0,0.0,0.0,0.0
De'Michael Harris,,,WR,4500,IND,@CHI,23.0,IND by 2.5,-6%,-3%,-20%,0.0,0.0,0.0,0.0,0.0,0.0,0.0,0.0,0.0,0.0,0.0,0.0,0.0,0.0,0.0,0,0.0,0.0,0.0,0.0,0.0,0.0,0.0,0.0,0.0
Stephen Guidry,,,WR,4500,DAL,CLE,30.3,DAL by 4.5,-5%,24%,-6%,0.0,0.0,0.0,0.0,0.0,0.0,0.0,0.0,0.0,0.0,0.0,0.0,0.0,0.0,0.0,0,0.0,0.0,0.0,0.0,0.0,0.0,0.0,0.0,0.0
Donovan Peoples-Jones,,,WR,4500,CLE,@DAL,25.8,DAL by 4.5,-2%,-4%,-2%,0.0,0.0,0.0,0.0,0.0,0.0,0.0,0.0,0.0,0.0,0.0,0.0,0.4,0.0,0.0,1,0.0,0.0,0.0,0.0,0.0,0.6,0.1,0.0,0.0
Anthony McFarland,,,RB,4500,PIT,@TEN,24.5,PIT by 2,14%,-2%,11%,0.0,0.0,,0.0,0.0,6.0,6.0,,0.0,7.0,2.0,2.0,,0.0,3.5,,5.4,5.4,5.4,5.4,5.4,0.0,0.0,0.0,0.0
Darrynton Evans,,,RB,4500,TEN,PIT,22.5,PIT by 2,-23%,-19%,-33%,0.0,0.0,,0.0,0.0,3.0,3.0,,0.0,3.0,0.0,0.0,,0.0,0.0,,0.9,0.9,0.9,0.9,0.9,0.0,0.0,0.0,0.0
Raymond Calais,,,RB,4500,LAR,NYG,30.5,LAR by 13,5%,-3%,6%,0.0,0.0,0.0,0.0,0.0,0.0,0.0,0.0,0.0,0.0,0.0,0.0,0.0,0.0,0.0,0,0.0,0.0,0.0,0.0,0.0,0.0,0.0,0.0,0.0
Marquez Callaway,,,WR,4500,NO,@DET,29.0,NO by 4,18%,8%,21%,0.0,0.0,0.0,0.0,0.0,0.0,0.0,0.0,0.0,0.0,0.0,0.0,0.0,0.0,0.0,0,0.0,0.0,0.0,0.0,0.0,0.1,0.0,2.1,0.5
Justice Hill,,,RB,4500,BAL,@WAS,29.0,BAL by 13,-2%,24%,23%,0.0,0.0,0.0,0.0,0.0,0.0,0.0,0.6,0.0,0.0,0.0,0.0,0.0,0.0,0.0,1,0.0,0.0,0.0,0.0,0.0,0.5,0.1,0.0,0.0
Brandon Zylstra,,,WR,4500,CAR,ARI,24.3,ARI by 3,15%,-3%,4%,0.0,0.0,0.0,0.0,0.0,0.0,0.0,0.0,0.0,0.0,0.0,0.0,0.2,0.0,0.0,0,0.0,0.0,0.0,0.0,0.0,0.3,0.1,0.0,0.0
Trenton Cannon,,,RB,4500,CAR,ARI,24.3,ARI by 3,15%,-3%,8%,0.0,0.0,0.0,0.0,0.0,0.0,0.0,0.0,0.0,0.0,0.0,0.0,0.0,0.0,0.0,0,0.0,0.0,0.0,0.0,0.0,0.0,0.0,0.0,0.0
Rashard Davis,,,WR,4500,TEN,PIT,22.5,PIT by 2,-23%,-19%,-16%,0.0,0.0,,0.0,0.0,0.0,0.0,,0.0,0.0,0.0,0.0,,0.0,0.0,,0.0,0.0,0.0,0.0,0.0,0.0,0.0,0.0,0.0
Aaron Fuller,,,WR,4500,SEA,@MIA,29.5,SEA by 6.5,10%,5%,20%,0.0,0.0,0.0,0.0,0.0,0.0,0.0,0.0,0.0,0.0,0.0,0.0,0.0,0.0,0.0,0,0.0,0.0,0.0,0.0,0.0,0.0,0.0,0.0,0.0
Alex Armah,,,RB,4500,CAR,ARI,24.3,ARI by 3,15%,-3%,8%,0.0,0.0,0.0,0.0,0.0,0.7,0.7,0.3,0.3,0.5,0.3,0.3,0.5,0.3,14.0,1,0.7,0.7,0.7,-0.4,1.7,0.6,0.1,0.2,0.0
C.J. Board,,,WR,4500,NYG,@LAR,17.5,LAR by 13,1%,2%,2%,0.0,0.0,0.0,0.0,0.0,0.0,0.0,0.0,0.0,0.0,2.3,2.3,2.5,0.0,8.3,4,2.9,2.9,2.9,1.3,4.6,3.1,0.7,0.3,0.1
Patrick Ricard,,,RB,4500,BAL,@WAS,29.0,BAL by 13,-2%,24%,23%,0.0,0.0,0.0,0.0,0.0,0.5,0.5,0.1,0.5,-5.0,1.0,1.0,1.1,0.5,5.0,2,2.8,2.8,2.8,-2.7,8.2,1.3,0.3,0.0,0.0
Quartney Davis,,,WR,4500,MIN,@HOU,24.8,HOU by 5,7%,19%,-2%,0.0,0.0,0.0,0.0,0.0,0.0,0.0,0.0,0.0,0.0,0.0,0.0,0.0,0.0,0.0,0,0.0,0.0,0.0,0.0,0.0,0.0,0.0,0.0,0.0
Eno Benjamin,,,RB,4500,ARI,@CAR,27.3,ARI by 3,6%,24%,50%,0.0,0.0,0.0,0.0,0.0,0.0,0.0,0.0,0.0,0.0,0.0,0.0,0.0,0.0,0.0,0,0.0,0.0,0.0,0.0,0.0,0.0,0.0,0.0,0.0
Joe Reed,,,WR,4500,LAC,@TB,17.8,TB by 7,13%,-36%,29%,0.0,0.0,0.0,0.0,0.0,0.3,0.3,0.0,0.0,8.0,0.0,0.0,0.0,0.0,0.0,0,0.3,0.3,0.3,-0.2,0.7,0.0,0.0,0.0,0.0
KhaDarel Hodge,,D,WR,4500,CLE,@DAL,25.8,DAL by 4.5,-2%,-4%,-2%,0.0,0.0,0.0,0.0,0.0,0.0,0.0,0.0,0.0,0.0,2.0,2.0,3.0,0.0,8.5,5,2.2,2.2,2.2,-0.3,4.7,3.9,0.9,0.0,0.0
Damion Willis,,,WR,4500,CIN,JAX,26.3,CIN by 3,0%,22%,-12%,0.0,0.0,0.0,0.0,0.0,0.0,0.0,0.0,0.0,0.0,0.0,0.0,0.0,0.0,0.0,0,0.0,0.0,0.0,0.0,0.0,0.0,0.0,0.0,0.0
Tavien Feaster,,,RB,4500,NYG,@LAR,17.5,LAR by 13,1%,2%,-1%,0.0,0.0,0.0,0.0,0.0,0.0,0.0,0.0,0.0,0.0,0.0,0.0,0.0,0.0,0.0,0,0.0,0.0,0.0,0.0,0.0,0.0,0.0,0.0,0.0
Gabe Nabers,,,RB,4500,LAC,@TB,17.8,TB by 7,13%,-36%,-23%,0.0,0.0,0.0,0.0,0.0,0.0,0.0,0.0,0.0,0.0,0.0,0.0,0.0,0.0,0.0,0,0.0,0.0,0.0,0.0,0.0,0.0,0.0,1.4,0.3
Jordan Veasy,,O,WR,4500,WAS,BAL,16.0,BAL by 13,-13%,-12%,-9%,0.0,0.0,0.0,0.0,0.0,0.0,0.0,0.0,0.0,0.0,0.0,0.0,0.0,0.0,0.0,0,0.0,0.0,0.0,0.0,0.0,0.0,0.0,0.0,0.0
Alex Wesley,,,WR,4500,CHI,IND,20.5,IND by 2.5,-3%,-18%,9%,0.0,0.0,0.0,0.0,0.0,0.0,0.0,0.0,0.0,0.0,0.0,0.0,0.0,0.0,0.0,0,0.0,0.0,0.0,0.0,0.0,0.0,0.0,0.0,0.0
Dillon Mitchell,,,WR,4500,MIN,@HOU,24.8,HOU by 5,7%,19%,-2%,0.0,0.0,0.0,0.0,0.0,0.0,0.0,0.0,0.0,0.0,0.0,0.0,0.0,0.0,0.0,0,0.0,0.0,0.0,0.0,0.0,0.0,0.0,0.0,0.0
Emmanuel Butler,,,WR,4500,NO,@DET,29.0,NO by 4,18%,8%,21%,0.0,0.0,0.0,0.0,0.0,0.0,0.0,0.0,0.0,0.0,0.0,0.0,0.0,0.0,0.0,0,0.0,0.0,0.0,0.0,0.0,0.0,0.0,0.0,0.0
Tyler Johnson,,,WR,4500,TB,LAC,24.8,TB by 7,-17%,-3%,-21%,0.0,0.0,0.0,0.0,0.0,0.0,0.0,0.0,0.0,0.0,0.0,0.0,1.3,0.0,0.0,2,0.0,0.0,0.0,0.0,0.0,2.2,0.5,0.0,0.0
Trishton Jackson,,,WR,4500,LAR,NYG,30.5,LAR by 13,5%,-3%,8%,0.0,0.0,0.0,0.0,0.0,0.0,0.0,0.0,0.0,0.0,0.0,0.0,0.0,0.0,0.0,0,0.0,0.0,0.0,0.0,0.0,0.0,0.0,0.0,0.0
John Ursua,,,WR,4500,SEA,@MIA,29.5,SEA by 6.5,10%,5%,20%,0.0,0.0,0.0,0.0,0.0,0.0,0.0,0.0,0.0,0.0,0.0,0.0,0.9,0.0,0.0,1,0.0,0.0,0.0,0.0,0.0,0.6,0.1,0.0,0.0
Antonio Williams,,,RB,4500,BUF,@LV,28.0,BUF by 3,6%,-7%,17%,0.0,0.0,0.0,0.0,0.0,0.0,0.0,0.0,0.0,0.0,0.0,0.0,0.0,0.0,0.0,0,0.0,0.0,0.0,0.0,0.0,0.0,0.0,0.0,0.0
Thomas Ives,,,WR,4500,CHI,IND,20.5,IND by 2.5,-3%,-18%,9%,0.0,0.0,0.0,0.0,0.0,0.0,0.0,0.0,0.0,0.0,0.0,0.0,0.0,0.0,0.0,0,0.0,0.0,0.0,0.0,0.0,0.0,0.0,0.0,0.0
Austin Mack,,,WR,4500,NYG,@LAR,17.5,LAR by 13,1%,2%,2%,0.0,0.0,0.0,0.0,0.0,0.0,0.0,0.0,0.0,0.0,0.0,0.0,0.0,0.0,0.0,0,0.0,0.0,0.0,0.0,0.0,0.0,0.0,0.0,0.0
Ashton Dulin,,,WR,4500,IND,@CHI,23.0,IND by 2.5,-6%,-3%,-20%,0.0,0.0,0.0,0.0,0.0,0.0,0.0,0.0,0.0,0.0,0.7,0.7,1.5,0.0,3.0,2,0.4,0.4,0.4,-0.3,1.0,1.8,0.4,0.0,0.0
Josh Hammond,,,WR,4500,JAX,@CIN,23.3,CIN by 3,2%,31%,-4%,0.0,0.0,0.0,0.0,0.0,0.0,0.0,0.0,0.0,0.0,0.0,0.0,0.0,0.0,0.0,0,0.0,0.0,0.0,0.0,0.0,0.0,0.0,0.0,0.0
Trayveon Williams,,,RB,4500,CIN,JAX,26.3,CIN by 3,0%,22%,29%,0.0,0.0,0.0,0.0,0.0,0.0,0.0,0.0,0.0,0.0,0.0,0.0,0.0,0.0,0.0,0,0.0,0.0,0.0,0.0,0.0,0.0,0.0,0.0,0.0
DeeJay Dallas,,,RB,4500,SEA,@MIA,29.5,SEA by 6.5,10%,5%,6%,0.0,0.0,0.0,0.0,0.0,0.0,0.0,1.9,0.0,0.0,0.0,0.0,1.1,0.0,0.0,5,0.0,0.0,0.0,0.0,0.0,1.6,0.4,3.3,0.7
Isaiah Hodgins,,O,WR,4500,BUF,@LV,28.0,BUF by 3,6%,-7%,-5%,0.0,0.0,0.0,0.0,0.0,0.0,0.0,0.0,0.0,0.0,0.0,0.0,0.0,0.0,0.0,0,0.0,0.0,0.0,0.0,0.0,0.0,0.0,0.0,0.0
Stephen Sullivan,,,WR,4500,SEA,@MIA,29.5,SEA by 6.5,10%,5%,20%,0.0,0.0,0.0,0.0,0.0,0.0,0.0,0.0,0.0,0.0,0.0,0.0,0.0,0.0,0.0,0,0.0,0.0,0.0,0.0,0.0,0.0,0.0,0.0,0.0
Dezmon Patmon,,,WR,4500,IND,@CHI,23.0,IND by 2.5,-6%,-3%,-20%,0.0,0.0,0.0,0.0,0.0,0.0,0.0,0.0,0.0,0.0,0.0,0.0,0.0,0.0,0.0,0,0.0,0.0,0.0,0.0,0.0,0.0,0.0,0.0,0.0
Riley Ridley,,,WR,4500,CHI,IND,20.5,IND by 2.5,-3%,-18%,9%,0.0,0.0,0.0,0.0,0.0,0.0,0.0,0.0,0.0,0.0,0.0,0.0,0.0,0.0,0.0,0,0.0,0.0,0.0,0.0,0.0,0.0,0.0,0.0,0.0
Alexander Hollins,,,WR,4500,MIN,@HOU,24.8,HOU by 5,7%,19%,-2%,0.0,0.0,0.0,0.0,0.0,0.0,0.0,0.0,0.0,0.0,0.0,0.0,0.0,0.0,0.0,0,0.0,0.0,0.0,0.0,0.0,0.0,0.0,0.0,0.0
Nsimba Webster,,,WR,4500,LAR,NYG,30.5,LAR by 13,5%,-3%,8%,0.0,0.0,0.0,0.0,0.0,0.0,0.0,0.0,0.0,0.0,0.0,0.0,0.7,0.0,0.0,1,0.0,0.0,0.0,0.0,0.0,0.1,0.0,0.0,0.0
Greg Dortch,,,WR,4500,LAR,NYG,30.5,LAR by 13,5%,-3%,8%,0.0,0.0,0.0,0.0,0.0,0.0,0.0,0.0,0.0,0.0,0.0,0.0,0.0,0.0,0.0,0,0.0,0.0,0.0,0.0,0.0,0.0,0.0,0.0,0.0
Keelan Doss,,,WR,4500,LV,BUF,25.0,BUF by 3,-12%,-8%,-11%,0.0,0.0,0.0,0.0,0.0,0.0,0.0,0.0,0.0,0.0,0.0,0.0,0.0,0.0,0.0,0,0.0,0.0,0.0,0.0,0.0,0.2,0.0,0.0,0.0
Christian Wade,,,RB,4500,BUF,@LV,28.0,BUF by 3,6%,-7%,17%,0.0,0.0,0.0,0.0,0.0,0.0,0.0,0.0,0.0,0.0,0.0,0.0,0.0,0.0,0.0,0,0.0,0.0,0.0,0.0,0.0,0.0,0.0,0.0,0.0
Antoine Wesley,,O,WR,4500,BAL,@WAS,29.0,BAL by 13,-2%,24%,-10%,0.0,0.0,0.0,0.0,0.0,0.0,0.0,0.0,0.0,0.0,0.0,0.0,0.0,0.0,0.0,0,0.0,0.0,0.0,0.0,0.0,0.0,0.0,0.0,0.0
Wes Hills,,,RB,4500,DET,NO,25.0,NO by 4,-1%,-26%,-18%,0.0,0.0,0.0,0.0,0.0,0.0,0.0,0.0,0.0,0.0,0.0,0.0,0.0,0.0,0.0,0,0.0,0.0,0.0,0.0,0.0,0.0,0.0,0.0,0.0
Jeremy McNichols,,,RB,4500,TEN,PIT,22.5,PIT by 2,-23%,-19%,-33%,0.0,0.0,,0.0,0.0,0.7,0.7,,0.3,3.5,0.7,0.7,,0.3,2.5,,0.6,0.6,0.6,0.1,1.1,0.0,0.0,0.0,0.0
Rodney Smith,,,RB,4500,CAR,ARI,24.3,ARI by 3,15%,-3%,8%,0.0,0.0,0.0,0.0,0.0,0.0,0.0,0.0,0.0,0.0,0.0,0.0,0.0,0.0,0.0,0,0.0,0.0,0.0,0.0,0.0,0.0,0.0,0.0,0.0
Jonathan Williams,,,RB,4500,DET,NO,25.0,NO by 4,-1%,-26%,-18%,0.0,0.0,0.0,0.0,0.0,0.0,0.0,0.0,0.0,0.0,0.0,0.0,0.0,0.0,0.0,0,0.0,0.0,0.0,0.0,0.0,0.0,0.0,0.0,0.0
Geronimo Allison,,,WR,4500,DET,NO,25.0,NO by 4,-1%,-26%,6%,0.0,0.0,0.0,0.0,0.0,0.0,0.0,0.0,0.0,0.0,0.0,0.0,0.0,0.0,0.0,0,0.0,0.0,0.0,0.0,0.0,0.0,0.0,0.0,0.0
De'Mornay Pierson-El,,,WR,4500,LV,BUF,25.0,BUF by 3,-12%,-8%,-11%,0.0,0.0,0.0,0.0,0.0,0.0,0.0,0.0,0.0,0.0,0.0,0.0,0.0,0.0,0.0,0,0.0,0.0,0.0,0.0,0.0,0.0,0.0,0.0,0.0
T.J. Yeldon,,,RB,4500,BUF,@LV,28.0,BUF by 3,6%,-7%,17%,0.0,0.0,0.0,0.0,0.0,3.0,3.0,1.8,1.0,6.0,0.0,0.0,0.4,0.0,0.0,4,1.8,1.8,1.8,1.8,1.8,1.4,0.3,0.0,0.0
Dontrell Hilliard,,,RB,4500,CLE,@DAL,25.8,DAL by 4.5,-2%,-4%,-7%,0.0,0.0,0.0,0.0,0.0,0.0,0.0,0.8,0.0,0.0,0.0,0.0,0.6,0.0,0.0,2,0.0,0.0,0.0,0.0,0.0,1.5,0.3,2.6,0.6
Johnnie Dixon,,,WR,4500,ARI,@CAR,27.3,ARI by 3,6%,24%,7%,0.0,0.0,0.0,0.0,0.0,0.0,0.0,0.0,0.0,0.0,0.0,0.0,0.0,0.0,0.0,0,0.0,0.0,0.0,0.0,0.0,0.0,0.0,0.0,0.0
Cody Core,,O,WR,4500,NYG,@LAR,17.5,LAR by 13,1%,2%,2%,0.0,0.0,0.0,0.0,0.0,0.0,0.0,0.0,0.0,0.0,0.0,0.0,0.0,0.0,0.0,0,0.0,0.0,0.0,0.0,0.0,0.0,0.0,0.0,0.0
Albert Wilson,,,WR,4500,MIA,SEA,23.0,SEA by 6.5,27%,2%,23%,0.0,0.0,0.0,0.0,0.0,0.0,0.0,0.0,0.0,0.0,0.0,0.0,0.0,0.0,0.0,0,0.0,0.0,0.0,0.0,0.0,0.0,0.0,0.0,0.0
Marcus Johnson,,,WR,4500,IND,@CHI,23.0,IND by 2.5,-6%,-3%,-20%,0.0,0.0,0.0,0.0,0.0,0.0,0.0,0.0,0.0,0.0,0.0,0.0,0.0,0.0,0.0,0,0.0,0.0,0.0,0.0,0.0,0.4,0.1,3.2,0.7
Taywan Taylor,,,WR,4500,CLE,@DAL,25.8,DAL by 4.5,-2%,-4%,-2%,0.0,0.0,0.0,0.0,0.0,0.0,0.0,0.0,0.0,0.0,0.0,0.0,0.0,0.0,0.0,0,0.0,0.0,0.0,0.0,0.0,0.0,0.0,0.0,0.0
Samaje Perine,,,RB,4500,CIN,JAX,26.3,CIN by 3,0%,22%,29%,0.0,0.0,0.0,0.0,0.0,0.0,0.0,1.0,0.0,0.0,0.0,0.0,0.1,0.0,0.0,2,0.0,0.0,0.0,0.0,0.0,0.6,0.1,0.0,0.0
Corey Coleman,,,WR,4500,NYG,@LAR,17.5,LAR by 13,1%,2%,2%,0.0,0.0,0.0,0.0,0.0,0.0,0.0,0.0,0.0,0.0,0.0,0.0,0.0,0.0,0.0,0,0.0,0.0,0.0,0.0,0.0,0.0,0.0,0.0,0.0
Elijhaa Penny,,,RB,4500,NYG,@LAR,17.5,LAR by 13,1%,2%,-1%,0.0,0.0,0.0,0.0,0.0,0.0,0.0,0.5,0.0,0.0,0.0,0.0,0.1,0.0,0.0,1,0.0,0.0,0.0,0.0,0.0,0.2,0.0,0.0,0.0
D.J. Foster,,Q,RB,4500,ARI,@CAR,27.3,ARI by 3,6%,24%,50%,0.0,0.0,0.0,0.0,0.0,0.0,0.0,0.0,0.0,0.0,0.0,0.0,0.0,0.0,0.0,0,0.0,0.0,0.0,0.0,0.0,0.0,0.0,0.0,0.0
De'Anthony Thomas,,,WR,4500,BAL,@WAS,29.0,BAL by 13,-2%,24%,-10%,0.0,0.0,0.0,0.0,0.0,0.0,0.0,0.0,0.0,0.0,0.0,0.0,0.0,0.0,0.0,0,0.0,0.0,0.0,0.0,0.0,0.0,0.0,0.0,0.0
David Njoku,,O,TE,4500,CLE,@DAL,25.8,DAL by 4.5,-2%,-4%,21%,0.0,0.0,0.0,0.0,0.0,0.0,0.0,0.0,0.0,0.0,3.0,3.0,0.0,1.0,16.7,0,12.5,12.5,12.5,12.5,12.5,0.0,0.0,0.0,0.0
Alex Erickson,,,WR,4500,CIN,JAX,26.3,CIN by 3,0%,22%,-12%,0.0,0.0,0.0,0.0,0.0,0.0,0.0,0.1,0.0,0.0,0.0,0.0,1.5,0.0,0.0,3,0.0,0.0,0.0,0.0,0.0,2.3,0.5,2.1,0.5
Ryan Switzer,,,WR,4500,PIT,@TEN,24.5,PIT by 2,14%,-2%,5%,0.0,0.0,,0.0,0.0,0.0,0.0,,0.0,0.0,0.0,0.0,,0.0,0.0,,0.0,0.0,0.0,0.0,0.0,0.0,0.0,0.0,0.0
Jon'Vea Johnson,,,WR,4500,DAL,CLE,30.3,DAL by 4.5,-5%,24%,-6%,0.0,0.0,0.0,0.0,0.0,0.0,0.0,0.0,0.0,0.0,0.0,0.0,0.0,0.0,0.0,0,0.0,0.0,0.0,0.0,0.0,0.0,0.0,0.0,0.0
Cody Thompson,,,WR,4500,SEA,@MIA,29.5,SEA by 6.5,10%,5%,20%,0.0,0.0,0.0,0.0,0.0,0.0,0.0,0.0,0.0,0.0,0.0,0.0,0.0,0.0,0.0,0,0.0,0.0,0.0,0.0,0.0,0.0,0.0,0.0,0.0
Malik Turner,,,WR,4500,DAL,CLE,30.3,DAL by 4.5,-5%,24%,-6%,0.0,0.0,0.0,0.0,0.0,0.0,0.0,0.0,0.0,0.0,0.0,0.0,0.0,0.0,0.0,0,0.0,0.0,0.0,0.0,0.0,0.0,0.0,0.0,0.0
Artavis Scott,,,WR,4500,IND,@CHI,23.0,IND by 2.5,-6%,-3%,-20%,0.0,0.0,0.0,0.0,0.0,0.0,0.0,0.0,0.0,0.0,0.0,0.0,0.0,0.0,0.0,0,0.0,0.0,0.0,0.0,0.0,0.0,0.0,0.0,0.0
Trey Burton,,,TE,4500,IND,@CHI,23.0,IND by 2.5,-6%,-3%,2%,0.0,0.0,0.0,0.0,0.0,0.0,0.0,0.0,0.0,0.0,0.0,0.0,1.8,0.0,0.0,3,0.0,0.0,0.0,0.0,0.0,2.4,0.5,2.6,0.6
A.J. Richardson,,,WR,4500,ARI,@CAR,27.3,ARI by 3,6%,24%,7%,0.0,0.0,0.0,0.0,0.0,0.0,0.0,0.0,0.0,0.0,0.0,0.0,0.0,0.0,0.0,0,0.0,0.0,0.0,0.0,0.0,0.0,0.0,0.0,0.0
Nick Bawden,,O,RB,4500,DET,NO,25.0,NO by 4,-1%,-26%,-18%,0.0,0.0,0.0,0.0,0.0,0.0,0.0,0.0,0.0,0.0,0.0,0.0,0.0,0.0,0.0,0,0.0,0.0,0.0,0.0,0.0,0.0,0.0,0.0,0.0
Cody Hollister,,,WR,4500,TEN,PIT,22.5,PIT by 2,-23%,-19%,-16%,0.0,0.0,,0.0,0.0,0.0,0.0,,0.0,0.0,0.0,0.0,,0.0,0.0,,0.0,0.0,0.0,0.0,0.0,0.0,0.0,0.0,0.0
Isaiah McKenzie,,,WR,4500,BUF,@LV,28.0,BUF by 3,6%,-7%,-5%,0.0,0.0,0.0,0.0,0.0,0.3,0.3,0.3,0.0,4.0,2.3,2.3,2.3,0.7,10.0,4,3.5,3.5,3.5,1.4,5.6,3.1,0.7,3.4,0.8
Ty Montgomery,,O,RB,4500,NO,@DET,29.0,NO by 4,18%,8%,20%,0.0,0.0,0.0,0.0,0.0,0.5,0.5,0.0,0.5,-4.0,1.5,1.5,0.0,0.0,8.3,0,1.6,1.6,1.6,-1.2,4.3,0.0,0.0,0.0,0.0
D'haquille Williams,,,WR,4500,BUF,@LV,28.0,BUF by 3,6%,-7%,-5%,0.0,0.0,0.0,0.0,0.0,0.0,0.0,0.0,0.0,0.0,0.0,0.0,0.0,0.0,0.0,0,0.0,0.0,0.0,0.0,0.0,0.0,0.0,0.0,0.0
Cam Sims,,,WR,4500,WAS,BAL,16.0,BAL by 13,-13%,-12%,-9%,0.0,0.0,0.0,0.0,0.0,0.0,0.0,0.0,0.0,0.0,0.0,0.0,0.5,0.0,0.0,1,0.0,0.0,0.0,0.0,0.0,0.3,0.1,2.7,0.6
Tajae Sharpe,,Q,WR,4500,MIN,@HOU,24.8,HOU by 5,7%,19%,-2%,0.0,0.0,0.0,0.0,0.0,0.0,0.0,0.0,0.0,0.0,0.5,0.5,0.0,0.0,0.0,0,0.0,0.0,0.0,0.0,0.0,0.0,0.0,0.0,0.0
Andre Patton,,,WR,4500,ARI,@CAR,27.3,ARI by 3,6%,24%,7%,0.0,0.0,0.0,0.0,0.0,0.0,0.0,0.0,0.0,0.0,0.0,0.0,0.0,0.0,0.0,0,0.0,0.0,0.0,0.0,0.0,0.0,0.0,0.0,0.0
Marcell Ateman,,,WR,4500,LV,BUF,25.0,BUF by 3,-12%,-8%,-11%,0.0,0.0,0.0,0.0,0.0,0.0,0.0,0.0,0.0,0.0,0.0,0.0,0.0,0.0,0.0,0,0.0,0.0,0.0,0.0,0.0,0.0,0.0,0.0,0.0
Jalen Richard,,Q,RB,4500,LV,BUF,25.0,BUF by 3,-12%,-8%,-6%,0.0,0.0,0.0,0.0,0.0,1.0,1.0,3.2,0.3,13.3,1.3,1.3,1.8,0.7,5.8,8,4.8,4.8,4.8,1.3,8.2,4.1,0.9,2.6,0.6
Isaiah Jones,,,WR,4500,LV,BUF,25.0,BUF by 3,-12%,-8%,-11%,0.0,0.0,0.0,0.0,0.0,0.0,0.0,0.0,0.0,0.0,1.3,1.3,4.9,0.3,11.8,8,4.2,4.2,4.2,0.2,8.3,5.1,1.1,5.2,1.2
Trevor Davis,,,WR,4500,CHI,IND,20.5,IND by 2.5,-3%,-18%,9%,0.0,0.0,0.0,0.0,0.0,0.0,0.0,0.0,0.0,0.0,0.0,0.0,0.0,0.0,0.0,0,0.0,0.0,0.0,0.0,0.0,0.0,0.0,0.0,0.0
Tevin Jones,,,WR,4500,DAL,CLE,30.3,DAL by 4.5,-5%,24%,-6%,0.0,0.0,0.0,0.0,0.0,0.0,0.0,0.0,0.0,0.0,0.0,0.0,0.0,0.0,0.0,0,0.0,0.0,0.0,0.0,0.0,0.0,0.0,0.0,0.0
C.J. Prosise,,,RB,4500,HOU,MIN,29.8,HOU by 5,5%,1%,-1%,0.0,0.0,0.0,0.0,0.0,0.5,0.5,0.6,0.5,1.0,0.0,0.0,0.1,0.0,0.0,1,0.1,0.1,0.1,0.0,0.1,0.5,0.1,0.0,0.0
Pharoh Cooper,,,WR,4500,CAR,ARI,24.3,ARI by 3,15%,-3%,4%,0.0,0.0,0.0,0.0,0.0,0.0,0.0,0.0,0.0,0.0,0.0,0.0,0.6,0.0,0.0,1,0.0,0.0,0.0,0.0,0.0,0.3,0.1,0.0,0.0
Steven Mitchell,,,WR,4500,HOU,MIN,29.8,HOU by 5,5%,1%,16%,0.0,0.0,0.0,0.0,0.0,0.0,0.0,0.0,0.0,0.0,0.0,0.0,0.0,0.0,0.0,0,0.0,0.0,0.0,0.0,0.0,0.0,0.0,0.0,0.0
T.J. Logan,,O,RB,4500,TB,LAC,24.8,TB by 7,-17%,-3%,1%,0.0,0.0,0.0,0.0,0.0,0.0,0.0,0.0,0.0,0.0,0.0,0.0,0.0,0.0,0.0,0,0.0,0.0,0.0,0.0,0.0,0.0,0.0,0.0,0.0
Ishmael Hyman,,,WR,4500,CAR,ARI,24.3,ARI by 3,15%,-3%,4%,0.0,0.0,0.0,0.0,0.0,0.0,0.0,0.0,0.0,0.0,0.0,0.0,0.0,0.0,0.0,0,0.0,0.0,0.0,0.0,0.0,0.0,0.0,0.0,0.0
J'Mon Moore,,,WR,4500,CLE,@DAL,25.8,DAL by 4.5,-2%,-4%,-2%,0.0,0.0,0.0,0.0,0.0,0.0,0.0,0.0,0.0,0.0,0.0,0.0,0.0,0.0,0.0,0,0.0,0.0,0.0,0.0,0.0,0.0,0.0,0.0,0.0
Jester Weah,,,WR,4500,WAS,BAL,16.0,BAL by 13,-13%,-12%,-9%,0.0,0.0,0.0,0.0,0.0,0.0,0.0,0.0,0.0,0.0,0.0,0.0,0.0,0.0,0.0,0,0.0,0.0,0.0,0.0,0.0,0.0,0.0,0.0,0.0
Geremy Davis,,,WR,4500,DET,NO,25.0,NO by 4,-1%,-26%,6%,0.0,0.0,0.0,0.0,0.0,0.0,0.0,0.0,0.0,0.0,0.0,0.0,0.0,0.0,0.0,0,0.0,0.0,0.0,0.0,0.0,0.0,0.0,0.0,0.0
Dalyn Dawkins,,,RB,4500,TEN,PIT,22.5,PIT by 2,-23%,-19%,-33%,0.0,0.0,,0.0,0.0,0.0,0.0,,0.0,0.0,0.0,0.0,,0.0,0.0,,0.0,0.0,0.0,0.0,0.0,0.0,0.0,0.0,0.0
Rodney Adams,,,WR,4500,CHI,IND,20.5,IND by 2.5,-3%,-18%,9%,0.0,0.0,0.0,0.0,0.0,0.0,0.0,0.0,0.0,0.0,0.0,0.0,0.0,0.0,0.0,0,0.0,0.0,0.0,0.0,0.0,0.0,0.0,0.0,0.0
Roosevelt Nix,,,RB,4500,IND,@CHI,23.0,IND by 2.5,-6%,-3%,8%,0.0,0.0,0.0,0.0,0.0,0.0,0.0,0.0,0.0,0.0,0.0,0.0,0.0,0.0,0.0,0,0.0,0.0,0.0,0.0,0.0,0.0,0.0,0.0,0.0
JoJo Natson,,O,WR,4500,CLE,@DAL,25.8,DAL by 4.5,-2%,-4%,-2%,0.0,0.0,0.0,0.0,0.0,0.0,0.0,0.0,0.0,0.0,0.0,0.0,0.0,0.0,0.0,0,0.0,0.0,0.0,0.0,0.0,0.0,0.0,0.0,0.0
Rashard Higgins,,,WR,4500,CLE,@DAL,25.8,DAL by 4.5,-2%,-4%,-2%,0.0,0.0,0.0,0.0,0.0,0.0,0.0,0.0,0.0,0.0,0.5,0.5,0.0,0.0,9.0,0,0.7,0.7,0.7,-0.3,1.7,0.0,0.0,0.0,0.0
Darvin Kidsy,,,WR,4500,WAS,BAL,16.0,BAL by 13,-13%,-12%,-9%,0.0,0.0,0.0,0.0,0.0,0.0,0.0,0.0,0.0,0.0,0.0,0.0,0.0,0.0,0.0,0,0.0,0.0,0.0,0.0,0.0,0.0,0.0,0.0,0.0
Keith Kirkwood,,O,WR,4500,CAR,ARI,24.3,ARI by 3,15%,-3%,4%,0.0,0.0,0.0,0.0,0.0,0.0,0.0,0.0,0.0,0.0,0.0,0.0,0.0,0.0,0.0,0,0.0,0.0,0.0,0.0,0.0,0.0,0.0,0.0,0.0
Da'Mari Scott,,,WR,4500,NYG,@LAR,17.5,LAR by 13,1%,2%,2%,0.0,0.0,0.0,0.0,0.0,0.0,0.0,0.0,0.0,0.0,0.0,0.0,0.0,0.0,0.0,0,0.0,0.0,0.0,0.0,0.0,0.0,0.0,0.0,0.0
Senorise Perry,,O,RB,4500,TEN,PIT,22.5,PIT by 2,-23%,-19%,-33%,0.0,0.0,,0.0,0.0,1.0,1.0,,0.0,4.5,0.0,0.0,,0.0,0.0,,0.5,0.5,0.5,-0.2,1.1,0.0,0.0,0.0,0.0
Victor Bolden,,,WR,4500,DET,NO,25.0,NO by 4,-1%,-26%,6%,0.0,0.0,0.0,0.0,0.0,0.0,0.0,0.0,0.0,0.0,0.0,0.0,0.0,0.0,0.0,0,0.0,0.0,0.0,0.0,0.0,0.0,0.0,0.0,0.0
Johnny Holton,,,WR,4500,NYG,@LAR,17.5,LAR by 13,1%,2%,2%,0.0,0.0,0.0,0.0,0.0,0.0,0.0,0.0,0.0,0.0,0.0,0.0,1.6,0.0,0.0,3,0.0,0.0,0.0,0.0,0.0,0.3,0.1,0.0,0.0
Chris Moore,,Q,WR,4500,BAL,@WAS,29.0,BAL by 13,-2%,24%,-10%,0.0,0.0,0.0,0.0,0.0,0.0,0.0,0.0,0.0,0.0,0.0,0.0,0.0,0.0,0.0,0,0.0,0.0,0.0,0.0,0.0,0.0,0.0,0.0,0.0
Chad Beebe,,,WR,4500,MIN,@HOU,24.8,HOU by 5,7%,19%,-2%,0.0,0.0,0.0,0.0,0.0,0.0,0.0,0.0,0.0,0.0,1.0,1.0,3.2,0.0,7.0,5,1.2,1.2,1.2,1.2,1.2,4.5,1.0,0.0,0.0
Tommylee Lewis,,,WR,4500,CAR,ARI,24.3,ARI by 3,15%,-3%,4%,0.0,0.0,0.0,0.0,0.0,0.0,0.0,0.0,0.0,0.0,0.0,0.0,0.0,0.0,0.0,0,0.0,0.0,0.0,0.0,0.0,0.0,0.0,0.0,0.0
Chris Lacy,,,WR,4500,DET,NO,25.0,NO by 4,-1%,-26%,6%,0.0,0.0,0.0,0.0,0.0,0.0,0.0,0.0,0.0,0.0,0.0,0.0,0.0,0.0,0.0,0,0.0,0.0,0.0,0.0,0.0,0.0,0.0,0.0,0.0
Greg Howell,,,RB,4500,HOU,MIN,29.8,HOU by 5,5%,1%,-1%,0.0,0.0,0.0,0.0,0.0,0.0,0.0,0.4,0.0,0.0,0.0,0.0,0.0,0.0,0.0,1,0.0,0.0,0.0,0.0,0.0,0.1,0.0,0.0,0.0
Jamize Olawale,,,RB,4500,DAL,CLE,30.3,DAL by 4.5,-5%,24%,8%,0.0,0.0,0.0,0.0,0.0,0.0,0.0,0.0,0.0,0.0,0.0,0.0,0.0,0.0,0.0,0,0.0,0.0,0.0,0.0,0.0,0.0,0.0,0.0,0.0
Stanley Morgan,,,WR,4500,CIN,JAX,26.3,CIN by 3,0%,22%,-12%,0.0,0.0,0.0,0.0,0.0,0.0,0.0,0.0,0.0,0.0,0.0,0.0,0.0,0.0,0.0,0,0.0,0.0,0.0,0.0,0.0,0.0,0.0,0.0,0.0
Anthony Ratliff-Williams,,,WR,4500,LV,BUF,25.0,BUF by 3,-12%,-8%,-11%,0.0,0.0,0.0,0.0,0.0,0.0,0.0,0.0,0.0,0.0,0.0,0.0,0.0,0.0,0.0,0,0.0,0.0,0.0,0.0,0.0,0.0,0.0,0.0,0.0
Chandler Cox,,,RB,4500,MIA,SEA,23.0,SEA by 6.5,27%,2%,-2%,0.0,0.0,0.0,0.0,0.0,0.0,0.0,0.8,0.0,0.0,0.0,0.0,1.0,0.0,0.0,3,0.0,0.0,0.0,0.0,0.0,1.1,0.2,0.8,0.2
David Sills,,O,WR,4500,NYG,@LAR,17.5,LAR by 13,1%,2%,2%,0.0,0.0,0.0,0.0,0.0,0.0,0.0,0.0,0.0,0.0,0.0,0.0,0.0,0.0,0.0,0,0.0,0.0,0.0,0.0,0.0,0.0,0.0,0.0,0.0
Mack Hollins,,,WR,4500,MIA,SEA,23.0,SEA by 6.5,27%,2%,23%,0.0,0.0,0.0,0.0,0.0,0.0,0.0,0.0,0.0,0.0,0.0,0.0,1.8,0.0,0.0,3,0.0,0.0,0.0,0.0,0.0,2.4,0.5,0.0,0.0
Phillip Dorsett,,O,WR,4500,SEA,@MIA,29.5,SEA by 6.5,10%,5%,20%,0.0,0.0,0.0,0.0,0.0,0.0,0.0,0.0,0.0,0.0,0.0,0.0,0.0,0.0,0.0,0,0.0,0.0,0.0,0.0,0.0,0.0,0.0,0.0,0.0
Michael Burton,,,RB,4500,NO,@DET,29.0,NO by 4,18%,8%,20%,0.0,0.0,0.0,0.0,0.0,0.0,0.0,0.1,0.0,0.0,0.0,0.0,0.1,0.0,0.0,0,0.0,0.0,0.0,0.0,0.0,0.2,0.0,1.2,0.3
Allen Hurns,,,WR,4500,MIA,SEA,23.0,SEA by 6.5,27%,2%,23%,0.0,0.0,0.0,0.0,0.0,0.0,0.0,0.0,0.0,0.0,0.0,0.0,0.0,0.0,0.0,0,0.0,0.0,0.0,0.0,0.0,0.0,0.0,0.0,0.0
Darius Jennings,,,WR,4500,LAC,@TB,17.8,TB by 7,13%,-36%,29%,0.0,0.0,0.0,0.0,0.0,0.0,0.0,0.0,0.0,0.0,0.0,0.0,0.0,0.0,0.0,0,0.0,0.0,0.0,0.0,0.0,0.0,0.0,0.0,0.0
TreVontae Hights,,,WR,4500,CAR,ARI,24.3,ARI by 3,15%,-3%,4%,0.0,0.0,0.0,0.0,0.0,0.0,0.0,0.0,0.0,0.0,0.0,0.0,0.0,0.0,0.0,0,0.0,0.0,0.0,0.0,0.0,0.0,0.0,0.0,0.0
Rodney Anderson,,,RB,4500,CIN,JAX,26.3,CIN by 3,0%,22%,29%,0.0,0.0,0.0,0.0,0.0,0.0,0.0,0.0,0.0,0.0,0.0,0.0,0.0,0.0,0.0,0,0.0,0.0,0.0,0.0,0.0,0.0,0.0,0.0,0.0
Derek Watt,,,RB,4500,PIT,@TEN,24.5,PIT by 2,14%,-2%,11%,0.0,0.0,,0.0,0.0,0.0,0.0,,0.0,0.0,0.0,0.0,,0.0,0.0,,0.0,0.0,0.0,0.0,0.0,0.0,0.0,0.0,0.0
Omar Bayless,,O,WR,4500,CAR,ARI,24.3,ARI by 3,15%,-3%,4%,0.0,0.0,0.0,0.0,0.0,0.0,0.0,0.0,0.0,0.0,0.0,0.0,0.0,0.0,0.0,0,0.0,0.0,0.0,0.0,0.0,0.0,0.0,0.0,0.0
Andre Roberts,,,WR,4500,BUF,@LV,28.0,BUF by 3,6%,-7%,-5%,0.0,0.0,0.0,0.0,0.0,0.0,0.0,0.0,0.0,0.0,0.0,0.0,0.8,0.0,0.0,1,0.0,0.0,0.0,0.0,0.0,0.3,0.1,0.8,0.2
DeAndre Carter,,,WR,4500,HOU,MIN,29.8,HOU by 5,5%,1%,16%,0.0,0.0,0.0,0.0,0.0,0.0,0.0,0.0,0.0,0.0,0.7,0.7,1.7,0.3,4.0,3,0.4,0.4,0.4,-0.3,1.2,1.2,0.3,-2.0,-0.4
Tyrell Williams,,O,WR,4500,LV,BUF,25.0,BUF by 3,-12%,-8%,-11%,0.0,0.0,0.0,0.0,0.0,0.0,0.0,0.0,0.0,0.0,0.0,0.0,0.0,0.0,0.0,0,0.0,0.0,0.0,0.0,0.0,0.0,0.0,0.0,0.0
Ty Johnson,,,RB,4500,DET,NO,25.0,NO by 4,-1%,-26%,-18%,0.0,0.0,0.0,0.0,0.0,0.0,0.0,0.0,0.0,0.0,0.5,0.5,0.0,0.0,0.0,0,0.0,0.0,0.0,0.0,0.0,0.0,0.0,0.0,0.0
Xavier Jones,,,RB,4500,LAR,NYG,30.5,LAR by 13,5%,-3%,6%,0.0,0.0,0.0,0.0,0.0,0.0,0.0,0.0,0.0,0.0,0.0,0.0,0.0,0.0,0.0,0,0.0,0.0,0.0,0.0,0.0,0.1,0.0,0.0,0.0
James Proche,,,WR,4500,BAL,@WAS,29.0,BAL by 13,-2%,24%,-10%,0.0,0.0,0.0,0.0,0.0,0.0,0.0,0.0,0.0,0.0,0.0,0.0,0.6,0.0,0.0,1,0.0,0.0,0.0,0.0,0.0,0.4,0.1,0.0,0.0
Ke'Shawn Vaughn,,,RB,4500,TB,LAC,24.8,TB by 7,-17%,-3%,1%,0.0,0.0,0.0,0.0,0.0,0.0,0.0,2.0,0.0,0.0,0.0,0.0,0.3,0.0,0.0,4,0.0,0.0,0.0,0.0,0.0,1.0,0.2,9.6,2.1
Gary Jennings,,,WR,4500,MIA,SEA,23.0,SEA by 6.5,27%,2%,23%,0.0,0.0,0.0,0.0,0.0,0.0,0.0,0.0,0.0,0.0,0.0,0.0,0.0,0.0,0.0,0,0.0,0.0,0.0,0.0,0.0,0.0,0.0,0.0,0.0
Taiwan Jones,,,RB,4500,BUF,@LV,28.0,BUF by 3,6%,-7%,17%,0.0,0.0,0.0,0.0,0.0,0.0,0.0,0.6,0.0,0.0,0.0,0.0,0.2,0.0,0.0,1,0.0,0.0,0.0,0.0,0.0,0.6,0.1,0.0,0.0
Nick Bellore,,,RB,4500,SEA,@MIA,29.5,SEA by 6.5,10%,5%,6%,0.0,0.0,0.0,0.0,0.0,0.0,0.0,0.0,0.0,0.0,0.0,0.0,0.4,0.0,0.0,1,0.0,0.0,0.0,0.0,0.0,1.0,0.2,0.0,0.0
James Gilbert,,,RB,4500,LAR,NYG,30.5,LAR by 13,5%,-3%,6%,0.0,0.0,0.0,0.0,0.0,0.0,0.0,0.0,0.0,0.0,0.0,0.0,0.0,0.0,0.0,0,0.0,0.0,0.0,0.0,0.0,0.0,0.0,0.0,0.0
Jacques Patrick,,,RB,4500,CIN,JAX,26.3,CIN by 3,0%,22%,29%,0.0,0.0,0.0,0.0,0.0,0.0,0.0,0.0,0.0,0.0,0.0,0.0,0.0,0.0,0.0,0,0.0,0.0,0.0,0.0,0.0,0.0,0.0,0.0,0.0
Patrick DiMarco,,,RB,4500,BUF,@LV,28.0,BUF by 3,6%,-7%,17%,0.0,0.0,0.0,0.0,0.0,0.0,0.0,0.0,0.0,0.0,0.0,0.0,0.0,0.0,0.0,0,0.0,0.0,0.0,0.0,0.0,0.0,0.0,0.0,0.0
Bruce Miller,,,RB,4500,JAX,@CIN,23.3,CIN by 3,2%,31%,6%,0.0,0.0,0.0,0.0,0.0,0.0,0.0,0.0,0.0,0.0,0.7,0.7,0.0,0.0,1.0,0,0.2,0.2,0.2,-0.2,0.6,0.0,0.0,0.0,0.0
Deon Cain,,,WR,4500,PIT,@TEN,24.5,PIT by 2,14%,-2%,5%,0.0,0.0,,0.0,0.0,0.0,0.0,,0.0,0.0,0.0,0.0,,0.0,0.0,,0.0,0.0,0.0,0.0,0.0,0.0,0.0,0.0,0.0
Damion Ratley,,,WR,4500,NYG,@LAR,17.5,LAR by 13,1%,2%,2%,0.0,0.0,0.0,0.0,0.0,0.0,0.0,0.0,0.0,0.0,1.7,1.7,3.1,0.7,5.8,5,1.1,1.1,1.1,-0.8,3.1,3.5,0.8,4.9,1.1
Noah Brown,,,WR,4500,DAL,CLE,30.3,DAL by 4.5,-5%,24%,-6%,0.0,0.0,0.0,0.0,0.0,0.0,0.0,0.0,0.0,0.0,1.3,1.3,1.2,0.3,9.3,2,1.7,1.7,1.7,-0.2,3.7,2.2,0.5,6.3,1.4
Parris Campbell,,O,WR,4500,IND,@CHI,23.0,IND by 2.5,-6%,-3%,-20%,0.0,0.0,0.0,0.0,0.0,0.7,0.7,0.0,0.0,8.0,3.0,3.0,0.0,0.0,7.9,0,3.9,3.9,3.9,-2.3,10.1,0.0,0.0,0.0,0.0
Ventell Bryant,,O,WR,4500,DAL,CLE,30.3,DAL by 4.5,-5%,24%,-6%,0.0,0.0,0.0,0.0,0.0,0.0,0.0,0.0,0.0,0.0,0.0,0.0,0.0,0.0,0.0,0,0.0,0.0,0.0,0.0,0.0,0.0,0.0,0.0,0.0
Cody Latimer,,,WR,4500,WAS,BAL,16.0,BAL by 13,-13%,-12%,-9%,0.0,0.0,0.0,0.0,0.0,0.0,0.0,0.0,0.0,0.0,0.0,0.0,0.0,0.0,0.0,0,0.0,0.0,0.0,0.0,0.0,0.0,0.0,0.0,0.0
Amara Darboh,,,WR,4500,PIT,@TEN,24.5,PIT by 2,14%,-2%,5%,0.0,0.0,,0.0,0.0,0.0,0.0,,0.0,0.0,0.0,0.0,,0.0,0.0,,0.0,0.0,0.0,0.0,0.0,0.0,0.0,0.0,0.0
Austin Carr,,,WR,4500,NO,@DET,29.0,NO by 4,18%,8%,21%,0.0,0.0,0.0,0.0,0.0,0.0,0.0,0.0,0.0,0.0,0.0,0.0,0.0,0.0,0.0,0,0.0,0.0,0.0,0.0,0.0,0.0,0.0,0.0,0.0
Cullen Gillaspia,,Q,RB,4500,HOU,MIN,29.8,HOU by 5,5%,1%,-1%,0.0,0.0,0.0,0.0,0.0,0.0,0.0,0.0,0.0,0.0,0.5,0.5,0.0,0.0,6.0,0,0.6,0.6,0.6,-0.2,1.3,0.0,0.0,0.0,0.0
Dare Ogunbowale,,,RB,4500,JAX,@CIN,23.3,CIN by 3,2%,31%,6%,0.0,0.0,0.0,0.0,0.0,0.0,0.0,1.1,0.0,0.0,0.0,0.0,1.2,0.0,0.0,4,0.0,0.0,0.0,0.0,0.0,1.5,0.3,0.0,0.0
Patrick Laird,,,RB,4500,MIA,SEA,23.0,SEA by 6.5,27%,2%,-2%,0.0,0.0,0.0,0.0,0.0,0.0,0.0,1.2,0.0,0.0,0.7,0.7,0.4,0.0,4.5,2,0.6,0.6,0.6,-0.5,1.7,0.9,0.2,0.0,0.0
Chad Hansen,,,WR,4500,HOU,MIN,29.8,HOU by 5,5%,1%,16%,0.0,0.0,0.0,0.0,0.0,0.0,0.0,0.0,0.0,0.0,0.0,0.0,0.0,0.0,0.0,0,0.0,0.0,0.0,0.0,0.0,0.0,0.0,0.0,0.0
Saeed Blacknall,,,WR,4500,PIT,@TEN,24.5,PIT by 2,14%,-2%,5%,0.0,0.0,,0.0,0.0,0.0,0.0,,0.0,0.0,0.0,0.0,,0.0,0.0,,0.0,0.0,0.0,0.0,0.0,0.0,0.0,0.0,0.0
Tony James,,,RB,4500,MIN,@HOU,24.8,HOU by 5,7%,19%,23%,0.0,0.0,0.0,0.0,0.0,0.0,0.0,0.0,0.0,0.0,0.0,0.0,0.0,0.0,0.0,0,0.0,0.0,0.0,0.0,0.0,0.0,0.0,0.0,0.0
Khari Blasingame,,O,RB,4500,TEN,PIT,22.5,PIT by 2,-23%,-19%,-33%,0.0,0.0,,0.0,0.0,0.0,0.0,,0.0,0.0,0.3,0.3,,0.0,5.0,,0.3,0.3,0.3,-0.2,0.9,0.0,0.0,0.0,0.0
Bo Scarbrough,,O,RB,4500,DET,NO,25.0,NO by 4,-1%,-26%,-18%,0.0,0.0,0.0,0.0,0.0,0.0,0.0,1.5,0.0,0.0,0.0,0.0,0.0,0.0,0.0,2,0.0,0.0,0.0,0.0,0.0,0.0,0.0,0.0,0.0
Trent Sherfield,,,WR,4500,ARI,@CAR,27.3,ARI by 3,6%,24%,7%,0.0,0.0,0.0,0.0,0.0,0.0,0.0,0.0,0.0,0.0,0.0,0.0,1.4,0.0,0.0,2,0.0,0.0,0.0,0.0,0.0,0.2,0.0,0.0,0.0
Bennie Fowler,,,WR,4500,NO,@DET,29.0,NO by 4,18%,8%,21%,0.0,0.0,0.0,0.0,0.0,0.0,0.0,0.0,0.0,0.0,0.0,0.0,0.6,0.0,0.0,1,0.0,0.0,0.0,0.0,0.0,1.9,0.4,0.0,0.0
Ryan Nall,,,RB,4500,CHI,IND,20.5,IND by 2.5,-3%,-18%,-22%,0.0,0.0,0.0,0.0,0.0,0.0,0.0,2.4,0.0,0.0,0.3,0.3,0.7,0.0,2.0,5,0.2,0.2,0.2,-0.2,0.6,1.4,0.3,0.0,0.0
Marcus Murphy,,,RB,4500,CAR,ARI,24.3,ARI by 3,15%,-3%,8%,0.0,0.0,0.0,0.0,0.0,0.0,0.0,0.0,0.0,0.0,0.0,0.0,0.0,0.0,0.0,0,0.0,0.0,0.0,0.0,0.0,0.0,0.0,0.0,0.0
Rashaad Penny,,O,RB,4500,SEA,@MIA,29.5,SEA by 6.5,10%,5%,6%,0.0,0.0,0.0,0.0,0.0,0.0,0.0,0.0,0.0,0.0,0.0,0.0,0.0,0.0,0.0,0,0.0,0.0,0.0,0.0,0.0,0.0,0.0,0.0,0.0
Mike Boone,,,RB,4500,MIN,@HOU,24.8,HOU by 5,7%,19%,23%,0.0,0.0,0.0,0.0,0.0,0.0,0.0,0.5,0.0,0.0,0.0,0.0,0.0,0.0,0.0,1,0.0,0.0,0.0,0.0,0.0,0.4,0.1,0.0,0.0
Paul Richardson,,,WR,4500,SEA,@MIA,29.5,SEA by 6.5,10%,5%,20%,0.0,0.0,0.0,0.0,0.0,0.0,0.0,0.0,0.0,0.0,0.0,0.0,0.0,0.0,0.0,0,0.0,0.0,0.0,0.0,0.0,0.0,0.0,0.0,0.0
Tyron Johnson,,,WR,4500,LAC,@TB,17.8,TB by 7,13%,-36%,29%,0.0,0.0,0.0,0.0,0.0,0.0,0.0,0.0,0.0,0.0,0.0,0.0,0.0,0.0,0.0,0,0.0,0.0,0.0,0.0,0.0,0.0,0.0,11.8,2.6
Trey Edmunds,,,RB,4500,PIT,@TEN,24.5,PIT by 2,14%,-2%,11%,0.0,0.0,,0.0,0.0,0.0,0.0,,0.0,0.0,0.0,0.0,,0.0,0.0,,0.0,0.0,0.0,0.0,0.0,0.0,0.0,0.0,0.0
Derrick Dillon,,,WR,4500,NYG,@LAR,17.5,LAR by 13,1%,2%,2%,0.0,0.0,0.0,0.0,0.0,0.0,0.0,0.0,0.0,0.0,0.0,0.0,0.0,0.0,0.0,0,0.0,0.0,0.0,0.0,0.0,0.0,0.0,0.0,0.0
Ameer Abdullah,,,RB,4500,MIN,@HOU,24.8,HOU by 5,7%,19%,23%,0.0,0.0,0.0,0.0,0.0,0.0,0.0,1.0,0.0,0.0,0.0,0.0,0.6,0.0,0.0,3,0.0,0.0,0.0,0.0,0.0,1.0,0.2,0.0,0.0
Marlon Mack,,O,RB,4500,IND,@CHI,23.0,IND by 2.5,-6%,-3%,8%,0.0,0.0,0.0,0.0,0.0,4.0,4.0,0.0,0.0,6.5,3.0,3.0,0.0,0.0,10.0,0,7.1,7.1,7.1,7.1,7.1,0.0,0.0,0.0,0.0
Andy Janovich,,,RB,4500,CLE,@DAL,25.8,DAL by 4.5,-2%,-4%,-7%,0.0,0.0,0.0,0.0,0.0,0.0,0.0,0.1,0.0,0.0,0.7,0.7,0.9,0.0,6.5,2,0.8,0.8,0.8,-0.2,1.7,1.1,0.2,0.0,0.0
KeeSean Johnson,,,WR,4500,ARI,@CAR,27.3,ARI by 3,6%,24%,7%,0.0,0.0,0.0,0.0,0.0,0.0,0.0,0.0,0.0,0.0,7.0,7.0,4.2,0.0,3.4,7,3.4,3.4,3.4,3.4,3.4,4.4,1.0,0.0,0.0
D'Ernest Johnson,,,RB,4500,CLE,@DAL,25.8,DAL by 4.5,-2%,-4%,-7%,0.0,0.0,0.0,0.0,0.0,0.3,0.3,0.8,0.0,5.0,0.0,0.0,0.4,0.0,0.0,2,0.2,0.2,0.2,-0.1,0.5,0.6,0.1,9.5,2.1
Cameron Batson,,,WR,4500,TEN,PIT,22.5,PIT by 2,-23%,-19%,-16%,0.0,0.0,,0.0,0.0,0.5,0.5,,0.0,11.0,1.0,1.0,,0.0,13.0,,2.4,2.4,2.4,-1.0,5.7,0.0,0.0,0.0,0.0
Ian Thomas,0,,TE,4400,CAR,ARI,24.3,ARI by 3,15%,-3%,34%,0.0,0.0,0.0,0.0,0.0,0.0,0.0,0.0,0.0,0.0,1.3,1.3,3.7,0.0,6.3,6,1.3,1.3,1.3,0.0,2.6,4.0,0.9,7.5,1.7
Harrison Bryant,,,TE,4400,CLE,@DAL,25.8,DAL by 4.5,-2%,-4%,21%,0.0,0.0,0.0,0.0,0.0,0.0,0.0,0.0,0.0,0.0,2.0,2.0,2.1,0.3,3.7,3,3.2,3.2,3.2,0.1,6.4,3.0,0.7,5.7,1.3
Foster Moreau,,,TE,4400,LV,BUF,25.0,BUF by 3,-12%,-8%,-10%,0.0,0.0,0.0,0.0,0.0,0.0,0.0,0.0,0.0,0.0,1.0,1.0,1.6,0.3,18.7,3,4.4,4.4,4.4,-0.4,9.2,2.5,0.6,1.3,0.3
Nick Boyle,,,TE,4300,BAL,@WAS,29.0,BAL by 13,-2%,24%,24%,0.0,0.0,0.0,0.0,0.0,0.0,0.0,0.0,0.0,0.0,1.7,1.7,2.5,0.7,3.8,4,3.3,3.3,3.3,0.1,6.5,3.5,0.8,1.4,0.3
Jason Witten,,,TE,4300,LV,BUF,25.0,BUF by 3,-12%,-8%,-10%,0.0,0.0,0.0,0.0,0.0,0.0,0.0,0.0,0.0,0.0,0.7,0.7,1.4,0.3,2.5,2,0.5,0.5,0.5,0.1,0.9,2.1,0.5,8.8,2.0
Dan Arnold,0,,TE,4300,ARI,@CAR,27.3,ARI by 3,6%,24%,-20%,0.0,0.0,0.0,0.0,0.0,0.0,0.0,0.0,0.0,0.0,2.7,2.7,3.4,0.0,7.3,5,2.8,2.8,2.8,1.7,3.8,4.7,1.1,5.9,1.4
Vance McDonald,,,TE,4200,PIT,@TEN,24.5,PIT by 2,14%,-2%,17%,0.0,0.0,,0.0,0.0,0.0,0.0,,0.0,0.0,2.3,2.3,,0.3,5.9,,2.2,2.2,2.2,-0.2,4.6,0.0,0.0,0.0,0.0
Josh Hill,,,TE,4200,NO,@DET,29.0,NO by 4,18%,8%,4%,0.0,0.0,0.0,0.0,0.0,0.0,0.0,0.0,0.0,0.0,1.0,1.0,2.5,0.0,5.3,4,0.7,0.7,0.7,-0.5,1.9,2.9,0.7,1.2,0.3
Gerald Everett,0,,TE,4200,LAR,NYG,30.5,LAR by 13,5%,-3%,-6%,0.0,0.0,0.0,0.0,0.0,0.0,0.0,0.0,0.0,0.0,1.3,1.3,3.0,0.0,10.3,5,1.9,1.9,1.9,-0.4,4.1,3.9,0.9,5.7,1.4
Adam Shaheen,,,TE,4200,MIA,SEA,23.0,SEA by 6.5,27%,2%,13%,0.0,0.0,0.0,0.0,0.0,0.0,0.0,0.0,0.0,0.0,0.7,0.7,0.9,0.3,2.0,1,0.3,0.3,0.3,-0.2,0.8,0.8,0.2,0.0,0.0
Lee Smith,,,TE,4200,BUF,@LV,28.0,BUF by 3,6%,-7%,4%,0.0,0.0,0.0,0.0,0.0,0.0,0.0,0.0,0.0,0.0,0.5,0.5,0.0,0.5,1.0,0,3.3,3.3,3.3,-1.4,8.0,0.0,0.0,0.0,0.0
Anthony Firkser,,,TE,4100,TEN,PIT,22.5,PIT by 2,-23%,-19%,-12%,0.0,0.0,,0.0,0.0,0.0,0.0,,0.0,0.0,2.0,2.0,,0.0,8.3,,2.7,2.7,2.7,-0.7,6.1,0.0,0.0,0.0,0.0
Cole Kmet,,,TE,4100,CHI,IND,20.5,IND by 2.5,-3%,-18%,-25%,0.0,0.0,0.0,0.0,0.0,0.0,0.0,0.0,0.0,0.0,0.7,0.7,1.1,0.3,6.0,2,0.6,0.6,0.6,-0.4,1.5,0.8,0.2,0.0,0.0
Kaden Smith,,,TE,4100,NYG,@LAR,17.5,LAR by 13,1%,2%,13%,0.0,0.0,0.0,0.0,0.0,0.0,0.0,0.0,0.0,0.0,2.3,2.3,2.6,0.7,4.1,5,1.8,1.8,1.8,0.9,2.7,3.2,0.8,1.5,0.4
Durham Smythe,,,TE,4100,MIA,SEA,23.0,SEA by 6.5,27%,2%,13%,0.0,0.0,0.0,0.0,0.0,0.0,0.0,0.0,0.0,0.0,0.3,0.3,0.8,0.0,7.0,1,0.4,0.4,0.4,-0.3,1.1,1.1,0.3,4.0,1.0
Farrod Green,,,TE,4000,IND,@CHI,23.0,IND by 2.5,-6%,-3%,2%,0.0,0.0,0.0,0.0,0.0,0.0,0.0,0.0,0.0,0.0,0.0,0.0,0.0,0.0,0.0,0,0.0,0.0,0.0,0.0,0.0,0.0,0.0,0.0,0.0
Tyler Conklin,,,TE,4000,MIN,@HOU,24.8,HOU by 5,7%,19%,23%,0.0,0.0,0.0,0.0,0.0,0.0,0.0,0.0,0.0,0.0,0.0,0.0,1.3,0.0,0.0,2,0.0,0.0,0.0,0.0,0.0,0.9,0.2,0.0,0.0
Parker Hesse,,,TE,4000,TEN,PIT,22.5,PIT by 2,-23%,-19%,-12%,0.0,0.0,,0.0,0.0,0.0,0.0,,0.0,0.0,0.0,0.0,,0.0,0.0,,0.0,0.0,0.0,0.0,0.0,0.0,0.0,0.0,0.0
J.P. Holtz,,,TE,4000,CHI,IND,20.5,IND by 2.5,-3%,-18%,-25%,0.0,0.0,0.0,0.0,0.0,0.0,0.0,0.0,0.0,0.0,0.0,0.0,1.0,0.0,0.0,2,0.0,0.0,0.0,0.0,0.0,0.3,0.1,0.0,0.0
Jake Bargas,,,TE,4000,MIN,@HOU,24.8,HOU by 5,7%,19%,23%,0.0,0.0,0.0,0.0,0.0,0.0,0.0,0.0,0.0,0.0,0.0,0.0,0.0,0.0,0.0,0,0.0,0.0,0.0,0.0,0.0,0.0,0.0,0.0,0.0
Zach Gentry,,,TE,4000,PIT,@TEN,24.5,PIT by 2,14%,-2%,17%,0.0,0.0,,0.0,0.0,0.0,0.0,,0.0,0.0,0.0,0.0,,0.0,0.0,,0.0,0.0,0.0,0.0,0.0,0.0,0.0,0.0,0.0
Brandon Dillon,,,TE,4000,MIN,@HOU,24.8,HOU by 5,7%,19%,23%,0.0,0.0,0.0,0.0,0.0,0.0,0.0,0.0,0.0,0.0,0.0,0.0,0.0,0.0,0.0,0,0.0,0.0,0.0,0.0,0.0,0.0,0.0,0.0,0.0
Noah Togiai,,,TE,4000,IND,@CHI,23.0,IND by 2.5,-6%,-3%,2%,0.0,0.0,0.0,0.0,0.0,0.0,0.0,0.0,0.0,0.0,1.0,1.0,0.0,0.0,0.0,0,0.0,0.0,0.0,0.0,0.0,0.0,0.0,0.0,0.0
Giovanni Ricci,,,TE,4000,CAR,ARI,24.3,ARI by 3,15%,-3%,34%,0.0,0.0,0.0,0.0,0.0,0.0,0.0,0.0,0.0,0.0,0.0,0.0,0.0,0.0,0.0,0,0.0,0.0,0.0,0.0,0.0,0.0,0.0,0.0,0.0
Cethan Carter,,,TE,4000,CIN,JAX,26.3,CIN by 3,0%,22%,8%,0.0,0.0,0.0,0.0,0.0,0.0,0.0,0.0,0.0,0.0,0.3,0.3,1.2,0.3,1.0,2,0.2,0.2,0.2,-0.1,0.5,1.8,0.5,2.9,0.7
Maxx Williams,,O,TE,4000,ARI,@CAR,27.3,ARI by 3,6%,24%,-20%,0.0,0.0,0.0,0.0,0.0,0.0,0.0,0.0,0.0,0.0,2.0,2.0,0.0,0.0,0.0,0,0.0,0.0,0.0,0.0,0.0,0.0,0.0,0.0,0.0
Tommy Sweeney,,O,TE,4000,BUF,@LV,28.0,BUF by 3,6%,-7%,4%,0.0,0.0,0.0,0.0,0.0,0.0,0.0,0.0,0.0,0.0,0.0,0.0,0.0,0.0,0.0,0,0.0,0.0,0.0,0.0,0.0,0.0,0.0,0.0,0.0
Mitchell Wilcox,,,TE,4000,CIN,JAX,26.3,CIN by 3,0%,22%,8%,0.0,0.0,0.0,0.0,0.0,0.0,0.0,0.0,0.0,0.0,0.0,0.0,0.0,0.0,0.0,0,0.0,0.0,0.0,0.0,0.0,0.0,0.0,0.0,0.0
Charles Scarff,,,TE,4000,BAL,@WAS,29.0,BAL by 13,-2%,24%,24%,0.0,0.0,0.0,0.0,0.0,0.0,0.0,0.0,0.0,0.0,0.0,0.0,0.0,0.0,0.0,0,0.0,0.0,0.0,0.0,0.0,0.0,0.0,0.0,0.0
Blake Bell,,,TE,4000,DAL,CLE,30.3,DAL by 4.5,-5%,24%,24%,0.0,0.0,0.0,0.0,0.0,0.0,0.0,0.0,0.0,0.0,1.3,1.3,1.8,0.3,8.5,3,1.5,1.5,1.5,-1.1,4.0,2.3,0.6,3.4,0.8
Stephen Carlson,,,TE,4000,CLE,@DAL,25.8,DAL by 4.5,-2%,-4%,21%,0.0,0.0,0.0,0.0,0.0,0.0,0.0,0.0,0.0,0.0,0.3,0.3,0.6,0.0,0.0,1,0.0,0.0,0.0,0.0,0.0,0.5,0.1,2.0,0.5
Blake Jarwin,,O,TE,4000,DAL,CLE,30.3,DAL by 4.5,-5%,24%,24%,0.0,0.0,0.0,0.0,0.0,0.0,0.0,0.0,0.0,0.0,1.0,1.0,0.0,0.0,12.0,0,1.7,1.7,1.7,1.7,1.7,0.0,0.0,0.0,0.0
Chris Myarick,,,TE,4000,MIA,SEA,23.0,SEA by 6.5,27%,2%,13%,0.0,0.0,0.0,0.0,0.0,0.0,0.0,0.0,0.0,0.0,0.0,0.0,0.0,0.0,0.0,0,0.0,0.0,0.0,0.0,0.0,0.0,0.0,0.0,0.0
Derek Carrier,,,TE,4000,LV,BUF,25.0,BUF by 3,-12%,-8%,-10%,0.0,0.0,0.0,0.0,0.0,0.0,0.0,0.0,0.0,0.0,0.0,0.0,1.0,0.0,0.0,2,0.0,0.0,0.0,0.0,0.0,0.3,0.1,0.0,0.0
MyCole Pruitt,,,TE,4000,TEN,PIT,22.5,PIT by 2,-23%,-19%,-12%,0.0,0.0,,0.0,0.0,0.0,0.0,,0.0,0.0,1.0,1.0,,0.3,5.7,,3.1,3.1,3.1,-0.3,6.4,0.0,0.0,0.0,0.0
James O'Shaughnessy,,,TE,4000,JAX,@CIN,23.3,CIN by 3,2%,31%,-6%,0.0,0.0,0.0,0.0,0.0,0.0,0.0,0.0,0.0,0.0,3.0,3.0,2.5,0.3,7.7,4,3.6,3.6,3.6,0.8,6.5,3.3,0.8,3.1,0.8
Ben Ellefson,,,TE,4000,JAX,@CIN,23.3,CIN by 3,2%,31%,-6%,0.0,0.0,0.0,0.0,0.0,0.0,0.0,0.0,0.0,0.0,0.0,0.0,0.0,0.0,0.0,0,0.0,0.0,0.0,0.0,0.0,0.0,0.0,0.0,0.0
Cole Hikutini,,,TE,4000,DAL,CLE,30.3,DAL by 4.5,-5%,24%,24%,0.0,0.0,0.0,0.0,0.0,0.0,0.0,0.0,0.0,0.0,0.0,0.0,0.0,0.0,0.0,0,0.0,0.0,0.0,0.0,0.0,0.1,0.0,0.0,0.0
Dylan Stapleton,,,TE,4000,HOU,MIN,29.8,HOU by 5,5%,1%,-28%,0.0,0.0,0.0,0.0,0.0,0.0,0.0,0.0,0.0,0.0,0.0,0.0,0.0,0.0,0.0,0,0.0,0.0,0.0,0.0,0.0,0.0,0.0,0.0,0.0
Jacob Breeland,,,TE,4000,BAL,@WAS,29.0,BAL by 13,-2%,24%,24%,0.0,0.0,0.0,0.0,0.0,0.0,0.0,0.0,0.0,0.0,0.0,0.0,0.0,0.0,0.0,0,0.0,0.0,0.0,0.0,0.0,0.0,0.0,0.0,0.0
Adam Trautman,2,,TE,4000,NO,@DET,29.0,NO by 4,18%,8%,4%,0.0,0.0,0.0,0.0,0.0,0.0,0.0,0.0,0.0,0.0,1.0,1.0,4.1,0.0,11.3,7,1.6,1.6,1.6,0.2,3.1,4.8,1.2,0.0,0.0
Demetrius Harris,,,TE,4000,CHI,IND,20.5,IND by 2.5,-3%,-18%,-25%,0.0,0.0,0.0,0.0,0.0,0.0,0.0,0.0,0.0,0.0,1.7,1.7,1.5,0.3,3.0,2,1.0,1.0,1.0,-0.7,2.7,2.0,0.5,1.1,0.3
Chris Manhertz,,,TE,4000,CAR,ARI,24.3,ARI by 3,15%,-3%,34%,0.0,0.0,0.0,0.0,0.0,0.0,0.0,0.0,0.0,0.0,0.7,0.7,0.8,0.0,6.0,1,0.7,0.7,0.7,0.1,1.4,0.7,0.2,2.2,0.6
Josh Oliver,,O,TE,4000,JAX,@CIN,23.3,CIN by 3,2%,31%,-6%,0.0,0.0,0.0,0.0,0.0,0.0,0.0,0.0,0.0,0.0,0.0,0.0,0.0,0.0,0.0,0,0.0,0.0,0.0,0.0,0.0,0.0,0.0,0.0,0.0
Donald Parham,,,TE,4000,LAC,@TB,17.8,TB by 7,13%,-36%,-4%,0.0,0.0,0.0,0.0,0.0,0.0,0.0,0.0,0.0,0.0,0.0,0.0,0.3,0.0,0.0,0,0.0,0.0,0.0,0.0,0.0,0.3,0.1,8.4,2.1
Tyler Davis,,,TE,4000,JAX,@CIN,23.3,CIN by 3,2%,31%,-6%,0.0,0.0,0.0,0.0,0.0,0.0,0.0,0.0,0.0,0.0,0.0,0.0,0.4,0.0,0.0,1,0.0,0.0,0.0,0.0,0.0,0.5,0.1,0.0,0.0
Brycen Hopkins,,,TE,4000,LAR,NYG,30.5,LAR by 13,5%,-3%,-6%,0.0,0.0,0.0,0.0,0.0,0.0,0.0,0.0,0.0,0.0,0.0,0.0,0.0,0.0,0.0,0,0.0,0.0,0.0,0.0,0.0,0.0,0.0,0.0,0.0
Jesper Horsted,,,TE,4000,CHI,IND,20.5,IND by 2.5,-3%,-18%,-25%,0.0,0.0,0.0,0.0,0.0,0.0,0.0,0.0,0.0,0.0,0.0,0.0,0.0,0.0,0.0,0,0.0,0.0,0.0,0.0,0.0,0.0,0.0,0.0,0.0
Virgil Green,,,TE,4000,LAC,@TB,17.8,TB by 7,13%,-36%,-4%,0.0,0.0,0.0,0.0,0.0,0.0,0.0,0.0,0.0,0.0,1.0,1.0,1.1,0.0,3.3,2,0.5,0.5,0.5,-0.4,1.4,1.1,0.3,0.0,0.0
Tanner Hudson,,,TE,4000,TB,LAC,24.8,TB by 7,-17%,-3%,-24%,0.0,0.0,0.0,0.0,0.0,0.0,0.0,0.0,0.0,0.0,0.0,0.0,0.0,0.0,0.0,0,0.0,0.0,0.0,0.0,0.0,0.0,0.0,0.0,0.0
Christian Scotland-Williamson,,,TE,4000,PIT,@TEN,24.5,PIT by 2,14%,-2%,17%,0.0,0.0,,0.0,0.0,0.0,0.0,,0.0,0.0,0.0,0.0,,0.0,0.0,,0.0,0.0,0.0,0.0,0.0,0.0,0.0,0.0,0.0
Thaddeus Moss,,O,TE,4000,WAS,BAL,16.0,BAL by 13,-13%,-12%,-22%,0.0,0.0,0.0,0.0,0.0,0.0,0.0,0.0,0.0,0.0,0.0,0.0,0.0,0.0,0.0,0,0.0,0.0,0.0,0.0,0.0,0.0,0.0,0.0,0.0
Mason Schreck,,,TE,4000,CIN,JAX,26.3,CIN by 3,0%,22%,8%,0.0,0.0,0.0,0.0,0.0,0.0,0.0,0.0,0.0,0.0,0.0,0.0,0.0,0.0,0.0,0,0.0,0.0,0.0,0.0,0.0,0.1,0.0,0.0,0.0
Kahale Warring,,O,TE,4000,HOU,MIN,29.8,HOU by 5,5%,1%,-28%,0.0,0.0,0.0,0.0,0.0,0.0,0.0,0.0,0.0,0.0,0.0,0.0,0.0,0.0,0.0,0,0.0,0.0,0.0,0.0,0.0,0.0,0.0,0.0,0.0
Luke Willson,,,TE,4000,SEA,@MIA,29.5,SEA by 6.5,10%,5%,-22%,0.0,0.0,0.0,0.0,0.0,0.0,0.0,0.0,0.0,0.0,0.0,0.0,0.9,0.0,0.0,1,0.0,0.0,0.0,0.0,0.0,0.3,0.1,0.0,0.0
Ben Braunecker,,,TE,4000,CHI,IND,20.5,IND by 2.5,-3%,-18%,-25%,0.0,0.0,0.0,0.0,0.0,0.0,0.0,0.0,0.0,0.0,0.0,0.0,0.0,0.0,0.0,0,0.0,0.0,0.0,0.0,0.0,0.0,0.0,0.0,0.0
Kevin Rader,,,TE,4000,PIT,@TEN,24.5,PIT by 2,14%,-2%,17%,0.0,0.0,,0.0,0.0,0.0,0.0,,0.0,0.0,0.0,0.0,,0.0,0.0,,0.0,0.0,0.0,0.0,0.0,0.0,0.0,0.0,0.0
Garrett Griffin,,,TE,4000,NO,@DET,29.0,NO by 4,18%,8%,4%,0.0,0.0,0.0,0.0,0.0,0.0,0.0,0.0,0.0,0.0,0.0,0.0,0.0,0.0,0.0,0,0.0,0.0,0.0,0.0,0.0,0.0,0.0,0.0,0.0
Johnny Mundt,,,TE,4000,LAR,NYG,30.5,LAR by 13,5%,-3%,-6%,0.0,0.0,0.0,0.0,0.0,0.0,0.0,0.0,0.0,0.0,0.0,0.0,0.0,0.0,0.0,0,0.0,0.0,0.0,0.0,0.0,0.2,0.1,1.0,0.3
Marcus Baugh,,,TE,4000,WAS,BAL,16.0,BAL by 13,-13%,-12%,-22%,0.0,0.0,0.0,0.0,0.0,0.0,0.0,0.0,0.0,0.0,0.3,0.3,0.2,0.3,2.0,0,0.2,0.2,0.2,-0.2,0.6,0.3,0.1,0.0,0.0
Geoff Swaim,,,TE,4000,TEN,PIT,22.5,PIT by 2,-23%,-19%,-12%,0.0,0.0,,0.0,0.0,0.0,0.0,,0.0,0.0,0.0,0.0,,0.0,0.0,,0.0,0.0,0.0,0.0,0.0,0.0,0.0,0.0,0.0
Antony Auclair,,O,TE,4000,TB,LAC,24.8,TB by 7,-17%,-3%,-24%,0.0,0.0,0.0,0.0,0.0,0.0,0.0,0.0,0.0,0.0,0.0,0.0,0.0,0.0,0.0,0,0.0,0.0,0.0,0.0,0.0,0.0,0.0,0.0,0.0
Eric Tomlinson,,,TE,4000,NYG,@LAR,17.5,LAR by 13,1%,2%,13%,0.0,0.0,0.0,0.0,0.0,0.0,0.0,0.0,0.0,0.0,0.0,0.0,0.0,0.0,0.0,0,0.0,0.0,0.0,0.0,0.0,0.0,0.0,0.0,0.0
Parker Houston,,,TE,4000,ARI,@CAR,27.3,ARI by 3,6%,24%,-20%,0.0,0.0,0.0,0.0,0.0,0.0,0.0,0.0,0.0,0.0,0.0,0.0,0.0,0.0,0.0,0,0.0,0.0,0.0,0.0,0.0,0.0,0.0,0.0,0.0
Darrell Daniels,,,TE,4000,ARI,@CAR,27.3,ARI by 3,6%,24%,-20%,0.0,0.0,0.0,0.0,0.0,0.0,0.0,0.0,0.0,0.0,1.0,1.0,1.0,0.0,8.0,2,1.1,1.1,1.1,-0.8,3.1,0.9,0.2,0.0,0.0
Dylan Cantrell,,,TE,4000,ARI,@CAR,27.3,ARI by 3,6%,24%,-20%,0.0,0.0,0.0,0.0,0.0,0.0,0.0,0.0,0.0,0.0,0.0,0.0,0.0,0.0,0.0,0,0.0,0.0,0.0,0.0,0.0,0.0,0.0,0.0,0.0
Ian Bunting,,,TE,4000,IND,@CHI,23.0,IND by 2.5,-6%,-3%,2%,0.0,0.0,0.0,0.0,0.0,0.0,0.0,0.0,0.0,0.0,0.0,0.0,0.0,0.0,0.0,0,0.0,0.0,0.0,0.0,0.0,0.0,0.0,0.0,0.0
Garrett Dickerson,,,TE,4000,NYG,@LAR,17.5,LAR by 13,1%,2%,13%,0.0,0.0,0.0,0.0,0.0,0.0,0.0,0.0,0.0,0.0,0.0,0.0,0.0,0.0,0.0,0,0.0,0.0,0.0,0.0,0.0,0.0,0.0,0.0,0.0
Stephen Anderson,,,TE,4000,LAC,@TB,17.8,TB by 7,13%,-36%,-4%,0.0,0.0,0.0,0.0,0.0,0.0,0.0,0.0,0.0,0.0,0.0,0.0,0.0,0.0,0.0,0,0.0,0.0,0.0,0.0,0.0,0.2,0.1,0.0,0.0
Cameron Brate,,,TE,4000,TB,LAC,24.8,TB by 7,-17%,-3%,-24%,0.0,0.0,0.0,0.0,0.0,0.0,0.0,0.0,0.0,0.0,0.3,0.3,0.6,0.0,0.0,1,0.0,0.0,0.0,0.0,0.0,0.6,0.1,6.8,1.7
Cole Herdman,,,TE,4000,TEN,PIT,22.5,PIT by 2,-23%,-19%,-12%,0.0,0.0,,0.0,0.0,0.0,0.0,,0.0,0.0,0.0,0.0,,0.0,0.0,,0.0,0.0,0.0,0.0,0.0,0.0,0.0,0.0,0.0
Colby Parkinson,,,TE,4000,SEA,@MIA,29.5,SEA by 6.5,10%,5%,-22%,0.0,0.0,0.0,0.0,0.0,0.0,0.0,0.0,0.0,0.0,0.0,0.0,0.0,0.0,0.0,0,0.0,0.0,0.0,0.0,0.0,0.0,0.0,0.0,0.0
Codey McElroy,,,TE,4000,TB,LAC,24.8,TB by 7,-17%,-3%,-24%,0.0,0.0,0.0,0.0,0.0,0.0,0.0,0.0,0.0,0.0,0.0,0.0,0.0,0.0,0.0,0,0.0,0.0,0.0,0.0,0.0,0.0,0.0,0.0,0.0
Nate Becker,,,TE,4000,BUF,@LV,28.0,BUF by 3,6%,-7%,4%,0.0,0.0,0.0,0.0,0.0,0.0,0.0,0.0,0.0,0.0,0.0,0.0,0.0,0.0,0.0,0,0.0,0.0,0.0,0.0,0.0,0.0,0.0,0.0,0.0
Kendall Blanton,,,TE,4000,LAR,NYG,30.5,LAR by 13,5%,-3%,-6%,0.0,0.0,0.0,0.0,0.0,0.0,0.0,0.0,0.0,0.0,0.0,0.0,0.0,0.0,0.0,0,0.0,0.0,0.0,0.0,0.0,0.0,0.0,0.0,0.0
Isaac Nauta,,,TE,4000,DET,NO,25.0,NO by 4,-1%,-26%,15%,0.0,0.0,0.0,0.0,0.0,0.0,0.0,0.0,0.0,0.0,0.0,0.0,0.0,0.0,0.0,0,0.0,0.0,0.0,0.0,0.0,0.1,0.0,0.0,0.0
Moritz Boehringer,,,TE,4000,CIN,JAX,26.3,CIN by 3,0%,22%,8%,0.0,0.0,0.0,0.0,0.0,0.0,0.0,0.0,0.0,0.0,0.0,0.0,0.0,0.0,0.0,0,0.0,0.0,0.0,0.0,0.0,0.0,0.0,0.0,0.0
C.J. Uzomah,,O,TE,4000,CIN,JAX,26.3,CIN by 3,0%,22%,8%,0.0,0.0,0.0,0.0,0.0,0.0,0.0,0.0,0.0,0.0,5.5,5.5,0.0,1.0,7.9,0,9.3,9.3,9.3,5.3,13.4,0.0,0.0,0.0,0.0
Charles Jones,,,TE,4000,JAX,@CIN,23.3,CIN by 3,2%,31%,-6%,0.0,0.0,0.0,0.0,0.0,0.0,0.0,0.0,0.0,0.0,0.0,0.0,0.0,0.0,0.0,0,0.0,0.0,0.0,0.0,0.0,0.0,0.0,0.0,0.0
Seth DeValve,,,TE,4000,CAR,ARI,24.3,ARI by 3,15%,-3%,34%,0.0,0.0,0.0,0.0,0.0,0.0,0.0,0.0,0.0,0.0,0.0,0.0,0.0,0.0,0.0,0,0.0,0.0,0.0,0.0,0.0,0.0,0.0,0.0,0.0
Jeremy Sprinkle,,,TE,4000,WAS,BAL,16.0,BAL by 13,-13%,-12%,-22%,0.0,0.0,0.0,0.0,0.0,0.0,0.0,0.0,0.0,0.0,0.0,0.0,0.7,0.0,0.0,1,0.0,0.0,0.0,0.0,0.0,0.6,0.1,0.0,0.0
Hunter Bryant,,Q,TE,4000,DET,NO,25.0,NO by 4,-1%,-26%,15%,0.0,0.0,0.0,0.0,0.0,0.0,0.0,0.0,0.0,0.0,0.0,0.0,0.0,0.0,0.0,0,0.0,0.0,0.0,0.0,0.0,0.0,0.0,0.0,0.0
Jacob Hollister,,,TE,4000,SEA,@MIA,29.5,SEA by 6.5,10%,5%,-22%,0.0,0.0,0.0,0.0,0.0,0.0,0.0,0.0,0.0,0.0,1.0,1.0,0.9,0.3,3.3,1,3.3,3.3,3.3,-1.3,7.9,2.2,0.6,0.0,0.0
Levine Toilolo,,,TE,4000,NYG,@LAR,17.5,LAR by 13,1%,2%,13%,0.0,0.0,0.0,0.0,0.0,0.0,0.0,0.0,0.0,0.0,0.3,0.3,0.9,0.0,13.0,2,0.6,0.6,0.6,-0.4,1.6,0.7,0.2,0.0,0.0
Matt Sokol,,,TE,4000,DET,NO,25.0,NO by 4,-1%,-26%,15%,0.0,0.0,0.0,0.0,0.0,0.0,0.0,0.0,0.0,0.0,0.0,0.0,0.0,0.0,0.0,0,0.0,0.0,0.0,0.0,0.0,0.0,0.0,0.0,0.0
